gameid,year,split,playoffs,date,game,patch,side,position,playername,teamname,champion,gamelength,result,kills,deaths,assists,teamkills,teamdeaths,doublekills,triplekills,quadrakills,pentakills,firstblood,firstbloodkill,firstbloodassist,firstbloodvictim,team kpm,ckpm
LOLTMNT03_184086,2025,Cup,0,2025-01-16T08:09:06Z,1,15.01,Blue,top,Clear,BNK FEARX,Rumble,1914,0,1,6,3,7,27,0,0,0,0,0,0,0,0,0.2194,1.0658
LOLTMNT03_184086,2025,Cup,0,2025-01-16T08:09:06Z,1,15.01,Blue,jng,Raptor,BNK FEARX,Maokai,1914,0,1,7,3,7,27,0,0,0,0,1,0,1,0,0.2194,1.0658
LOLTMNT03_184086,2025,Cup,0,2025-01-16T08:09:06Z,1,15.01,Blue,mid,VicLa,BNK FEARX,Corki,1914,0,2,4,1,7,27,0,0,0,0,1,1,0,0,0.2194,1.0658
LOLTMNT03_184086,2025,Cup,0,2025-01-16T08:09:06Z,1,15.01,Blue,bot,Diable,BNK FEARX,Kai'Sa,1914,0,2,3,2,7,27,0,0,0,0,0,0,0,0,0.2194,1.0658
LOLTMNT03_184086,2025,Cup,0,2025-01-16T08:09:06Z,1,15.01,Blue,sup,Kellin,BNK FEARX,Leona,1914,0,1,7,4,7,27,0,0,0,0,0,0,0,0,0.2194,1.0658
LOLTMNT03_183991,2025,Cup,0,2025-01-16T09:04:00Z,2,15.01,Blue,top,Clear,BNK FEARX,K'Sante,1659,1,7,1,14,27,8,1,0,0,0,0,0,0,0,0.9765,1.2658
LOLTMNT03_183991,2025,Cup,0,2025-01-16T09:04:00Z,2,15.01,Blue,jng,Raptor,BNK FEARX,Wukong,1659,1,7,2,12,27,8,0,0,0,0,0,0,0,0,0.9765,1.2658
LOLTMNT03_183991,2025,Cup,0,2025-01-16T09:04:00Z,2,15.01,Blue,mid,VicLa,BNK FEARX,Taliyah,1659,1,1,1,18,27,8,0,0,0,0,0,0,0,0,0.9765,1.2658
LOLTMNT03_183991,2025,Cup,0,2025-01-16T09:04:00Z,2,15.01,Blue,bot,Diable,BNK FEARX,Zeri,1659,1,11,1,9,27,8,3,2,0,0,1,1,0,0,0.9765,1.2658
LOLTMNT03_183991,2025,Cup,0,2025-01-16T09:04:00Z,2,15.01,Blue,sup,Kellin,BNK FEARX,Rell,1659,1,1,3,16,27,8,0,0,0,0,0,0,0,0,0.9765,1.2658
LOLTMNT03_184105,2025,Cup,0,2025-01-16T09:54:20Z,3,15.01,Red,top,Clear,BNK FEARX,Ambessa,1771,0,1,3,5,6,16,0,0,0,0,0,0,0,0,0.2033,0.7453
LOLTMNT03_184105,2025,Cup,0,2025-01-16T09:54:20Z,3,15.01,Red,jng,Raptor,BNK FEARX,Jarvan IV,1771,0,1,3,4,6,16,0,0,0,0,0,0,0,0,0.2033,0.7453
LOLTMNT03_184105,2025,Cup,0,2025-01-16T09:54:20Z,3,15.01,Red,mid,VicLa,BNK FEARX,Akali,1771,0,2,5,2,6,16,0,0,0,0,0,0,0,1,0.2033,0.7453
LOLTMNT03_184105,2025,Cup,0,2025-01-16T09:54:20Z,3,15.01,Red,bot,Diable,BNK FEARX,Xayah,1771,0,2,3,3,6,16,1,0,0,0,0,0,0,0,0.2033,0.7453
LOLTMNT03_184105,2025,Cup,0,2025-01-16T09:54:20Z,3,15.01,Red,sup,Kellin,BNK FEARX,Rakan,1771,0,0,2,5,6,16,0,0,0,0,0,0,0,0,0.2033,0.7453
LOLTMNT03_187470,2025,Cup,0,2025-01-19T08:34:13Z,1,15.01,Blue,top,Clear,BNK FEARX,K'Sante,2405,0,0,6,13,25,22,0,0,0,0,0,0,0,1,0.6237,1.1726
LOLTMNT03_187470,2025,Cup,0,2025-01-19T08:34:13Z,1,15.01,Blue,jng,Raptor,BNK FEARX,Zyra,2405,0,9,4,8,25,22,0,0,0,0,0,0,0,0,0.6237,1.1726
LOLTMNT03_187470,2025,Cup,0,2025-01-19T08:34:13Z,1,15.01,Blue,mid,VicLa,BNK FEARX,Corki,2405,0,7,6,9,25,22,0,0,0,0,0,0,0,0,0.6237,1.1726
LOLTMNT03_187470,2025,Cup,0,2025-01-19T08:34:13Z,1,15.01,Blue,bot,Diable,BNK FEARX,Ezreal,2405,0,8,2,10,25,22,1,0,0,0,0,0,0,0,0.6237,1.1726
LOLTMNT03_187470,2025,Cup,0,2025-01-19T08:34:13Z,1,15.01,Blue,sup,Kellin,BNK FEARX,Alistar,2405,0,1,4,22,25,22,0,0,0,0,0,0,0,0,0.6237,1.1726
LOLTMNT03_187471,2025,Cup,0,2025-01-19T09:34:45Z,2,15.01,Blue,top,Clear,BNK FEARX,Jayce,1751,0,1,6,3,10,22,0,0,0,0,0,0,0,1,0.3427,1.0965
LOLTMNT03_187471,2025,Cup,0,2025-01-19T09:34:45Z,2,15.01,Blue,jng,Raptor,BNK FEARX,Wukong,1751,0,4,5,6,10,22,0,0,0,0,0,0,0,0,0.3427,1.0965
LOLTMNT03_187471,2025,Cup,0,2025-01-19T09:34:45Z,2,15.01,Blue,mid,VicLa,BNK FEARX,Galio,1751,0,2,5,7,10,22,0,0,0,0,0,0,0,0,0.3427,1.0965
LOLTMNT03_187471,2025,Cup,0,2025-01-19T09:34:45Z,2,15.01,Blue,bot,Diable,BNK FEARX,Jinx,1751,0,3,3,7,10,22,1,0,0,0,0,0,0,0,0.3427,1.0965
LOLTMNT03_187471,2025,Cup,0,2025-01-19T09:34:45Z,2,15.01,Blue,sup,Kellin,BNK FEARX,Tahm Kench,1751,0,0,3,9,10,22,0,0,0,0,0,0,0,0,0.3427,1.0965
LOLTMNT03_188641,2025,Cup,0,2025-01-22T08:04:43Z,1,15.01,Red,top,Clear,BNK FEARX,Rumble,1649,0,1,4,0,3,23,0,0,0,0,0,0,0,0,0.1092,0.946
LOLTMNT03_188641,2025,Cup,0,2025-01-22T08:04:43Z,1,15.01,Red,jng,Raptor,BNK FEARX,Vi,1649,0,0,5,0,3,23,0,0,0,0,0,0,0,0,0.1092,0.946
LOLTMNT03_188641,2025,Cup,0,2025-01-22T08:04:43Z,1,15.01,Red,mid,VicLa,BNK FEARX,Yone,1649,0,0,5,2,3,23,0,0,0,0,1,0,1,0,0.1092,0.946
LOLTMNT03_188641,2025,Cup,0,2025-01-22T08:04:43Z,1,15.01,Red,bot,Diable,BNK FEARX,Varus,1649,0,2,5,1,3,23,0,0,0,0,1,1,0,0,0.1092,0.946
LOLTMNT03_188641,2025,Cup,0,2025-01-22T08:04:43Z,1,15.01,Red,sup,Kellin,BNK FEARX,Renata Glasc,1649,0,0,4,3,3,23,0,0,0,0,1,0,1,0,0.1092,0.946
LOLTMNT03_188645,2025,Cup,0,2025-01-22T08:55:05Z,2,15.01,Blue,top,Clear,BNK FEARX,K'Sante,1898,1,3,1,8,17,6,0,0,0,0,1,1,0,0,0.5374,0.7271
LOLTMNT03_188645,2025,Cup,0,2025-01-22T08:55:05Z,2,15.01,Blue,jng,Raptor,BNK FEARX,Wukong,1898,1,2,3,6,17,6,0,0,0,0,0,0,0,0,0.5374,0.7271
LOLTMNT03_188645,2025,Cup,0,2025-01-22T08:55:05Z,2,15.01,Blue,mid,VicLa,BNK FEARX,Azir,1898,1,3,0,10,17,6,0,0,0,0,0,0,0,0,0.5374,0.7271
LOLTMNT03_188645,2025,Cup,0,2025-01-22T08:55:05Z,2,15.01,Blue,bot,Diable,BNK FEARX,Zeri,1898,1,9,0,4,17,6,1,1,0,0,0,0,0,0,0.5374,0.7271
LOLTMNT03_188645,2025,Cup,0,2025-01-22T08:55:05Z,2,15.01,Blue,sup,Kellin,BNK FEARX,Alistar,1898,1,0,2,11,17,6,0,0,0,0,0,0,0,0,0.5374,0.7271
LOLTMNT03_188655,2025,Cup,0,2025-01-22T09:48:21Z,3,15.01,Red,top,Clear,BNK FEARX,Renekton,1568,0,0,5,2,7,24,0,0,0,0,0,0,0,0,0.2679,1.1862
LOLTMNT03_188655,2025,Cup,0,2025-01-22T09:48:21Z,3,15.01,Red,jng,Raptor,BNK FEARX,Xin Zhao,1568,0,1,4,4,7,24,0,0,0,0,1,0,1,0,0.2679,1.1862
LOLTMNT03_188655,2025,Cup,0,2025-01-22T09:48:21Z,3,15.01,Red,mid,VicLa,BNK FEARX,Galio,1568,0,1,6,4,7,24,0,0,0,0,0,0,0,0,0.2679,1.1862
LOLTMNT03_188655,2025,Cup,0,2025-01-22T09:48:21Z,3,15.01,Red,bot,Diable,BNK FEARX,Kalista,1568,0,4,5,2,7,24,0,0,0,0,1,1,0,0,0.2679,1.1862
LOLTMNT03_188655,2025,Cup,0,2025-01-22T09:48:21Z,3,15.01,Red,sup,Kellin,BNK FEARX,Neeko,1568,0,1,4,5,7,24,0,0,0,0,1,0,1,0,0.2679,1.1862
LOLTMNT03_191023,2025,Cup,0,2025-01-24T08:05:35Z,1,15.01,Red,top,Clear,BNK FEARX,Jax,1809,0,0,2,0,3,17,0,0,0,0,0,0,0,0,0.0995,0.6633
LOLTMNT03_191023,2025,Cup,0,2025-01-24T08:05:35Z,1,15.01,Red,jng,Raptor,BNK FEARX,Wukong,1809,0,1,3,1,3,17,0,0,0,0,0,0,0,0,0.0995,0.6633
LOLTMNT03_191023,2025,Cup,0,2025-01-24T08:05:35Z,1,15.01,Red,mid,VicLa,BNK FEARX,Taliyah,1809,0,0,4,2,3,17,0,0,0,0,0,0,0,1,0.0995,0.6633
LOLTMNT03_191023,2025,Cup,0,2025-01-24T08:05:35Z,1,15.01,Red,bot,Diable,BNK FEARX,Ezreal,1809,0,1,3,1,3,17,0,0,0,0,0,0,0,0,0.0995,0.6633
LOLTMNT03_191023,2025,Cup,0,2025-01-24T08:05:35Z,1,15.01,Red,sup,Kellin,BNK FEARX,Leona,1809,0,1,5,1,3,17,0,0,0,0,0,0,0,0,0.0995,0.6633
LOLTMNT03_191028,2025,Cup,0,2025-01-24T08:59:16Z,2,15.01,Blue,top,Clear,BNK FEARX,Renekton,1654,1,3,2,5,19,15,0,0,0,0,0,0,0,0,0.6892,1.2334
LOLTMNT03_191028,2025,Cup,0,2025-01-24T08:59:16Z,2,15.01,Blue,jng,Raptor,BNK FEARX,Xin Zhao,1654,1,1,4,10,19,15,0,0,0,0,0,0,0,0,0.6892,1.2334
LOLTMNT03_191028,2025,Cup,0,2025-01-24T08:59:16Z,2,15.01,Blue,mid,VicLa,BNK FEARX,Azir,1654,1,4,3,5,19,15,1,0,0,0,0,0,0,0,0.6892,1.2334
LOLTMNT03_191028,2025,Cup,0,2025-01-24T08:59:16Z,2,15.01,Blue,bot,Diable,BNK FEARX,Varus,1654,1,9,2,7,19,15,2,1,0,0,1,1,0,0,0.6892,1.2334
LOLTMNT03_191028,2025,Cup,0,2025-01-24T08:59:16Z,2,15.01,Blue,sup,Kellin,BNK FEARX,Elise,1654,1,2,4,8,19,15,0,0,0,0,0,0,0,0,0.6892,1.2334
LOLTMNT03_191030,2025,Cup,0,2025-01-24T09:49:42Z,3,15.01,Red,top,Clear,BNK FEARX,Aurora,2044,0,1,5,2,7,18,0,0,0,0,0,0,0,0,0.2055,0.7339
LOLTMNT03_191030,2025,Cup,0,2025-01-24T09:49:42Z,3,15.01,Red,jng,Raptor,BNK FEARX,Sejuani,2044,0,0,4,5,7,18,0,0,0,0,0,0,0,0,0.2055,0.7339
LOLTMNT03_191030,2025,Cup,0,2025-01-24T09:49:42Z,3,15.01,Red,mid,VicLa,BNK FEARX,Corki,2044,0,2,4,4,7,18,0,0,0,0,0,0,0,0,0.2055,0.7339
LOLTMNT03_191030,2025,Cup,0,2025-01-24T09:49:42Z,3,15.01,Red,bot,Diable,BNK FEARX,Zeri,2044,0,4,2,2,7,18,1,0,0,0,0,0,0,0,0.2055,0.7339
LOLTMNT03_191030,2025,Cup,0,2025-01-24T09:49:42Z,3,15.01,Red,sup,Kellin,BNK FEARX,Yuumi,2044,0,0,3,6,7,18,0,0,0,0,0,0,0,1,0.2055,0.7339
LOLTMNT01_198801,2025,Cup,0,2025-02-02T06:06:34Z,1,15.02,Red,top,Clear,BNK FEARX,Jayce,1655,0,2,3,3,11,23,0,0,0,0,0,0,0,0,0.3988,1.2326
LOLTMNT01_198801,2025,Cup,0,2025-02-02T06:06:34Z,1,15.02,Red,jng,Raptor,BNK FEARX,Wukong,1655,0,3,5,7,11,23,0,0,0,0,0,0,0,0,0.3988,1.2326
LOLTMNT01_198801,2025,Cup,0,2025-02-02T06:06:34Z,1,15.02,Red,mid,VicLa,BNK FEARX,Viktor,1655,0,2,3,2,11,23,0,0,0,0,0,0,0,0,0.3988,1.2326
LOLTMNT01_198801,2025,Cup,0,2025-02-02T06:06:34Z,1,15.02,Red,bot,Diable,BNK FEARX,Kai'Sa,1655,0,3,3,3,11,23,1,0,0,0,0,0,0,0,0.3988,1.2326
LOLTMNT01_198801,2025,Cup,0,2025-02-02T06:06:34Z,1,15.02,Red,sup,Kellin,BNK FEARX,Poppy,1655,0,1,9,4,11,23,0,0,0,0,0,0,0,1,0.3988,1.2326
LOLTMNT01_198810,2025,Cup,0,2025-02-02T06:55:43Z,2,15.02,Blue,top,Clear,BNK FEARX,Jax,1788,0,0,4,1,3,15,0,0,0,0,0,0,0,0,0.1007,0.604
LOLTMNT01_198810,2025,Cup,0,2025-02-02T06:55:43Z,2,15.02,Blue,jng,Raptor,BNK FEARX,Vi,1788,0,2,2,1,3,15,0,0,0,0,0,0,0,1,0.1007,0.604
LOLTMNT01_198810,2025,Cup,0,2025-02-02T06:55:43Z,2,15.02,Blue,mid,VicLa,BNK FEARX,Azir,1788,0,0,3,1,3,15,0,0,0,0,0,0,0,0,0.1007,0.604
LOLTMNT01_198810,2025,Cup,0,2025-02-02T06:55:43Z,2,15.02,Blue,bot,Diable,BNK FEARX,Miss Fortune,1788,0,1,2,1,3,15,0,0,0,0,0,0,0,0,0.1007,0.604
LOLTMNT01_198810,2025,Cup,0,2025-02-02T06:55:43Z,2,15.02,Blue,sup,Kellin,BNK FEARX,Rell,1788,0,0,4,2,3,15,0,0,0,0,0,0,0,0,0.1007,0.604
LOLTMNT02_241987,2025,Rounds 1-2,0,2025-04-03T10:26:24Z,1,15.06,Blue,top,Clear,BNK FEARX,Gwen,1720,0,0,5,2,3,20,0,0,0,0,0,0,0,0,0.1047,0.8023
LOLTMNT02_241987,2025,Rounds 1-2,0,2025-04-03T10:26:24Z,1,15.06,Blue,jng,Raptor,BNK FEARX,Maokai,1720,0,1,3,2,3,20,0,0,0,0,1,1,0,0,0.1047,0.8023
LOLTMNT02_241987,2025,Rounds 1-2,0,2025-04-03T10:26:24Z,1,15.06,Blue,mid,VicLa,BNK FEARX,Yone,1720,0,0,3,2,3,20,0,0,0,0,0,0,0,0,0.1047,0.8023
LOLTMNT02_241987,2025,Rounds 1-2,0,2025-04-03T10:26:24Z,1,15.06,Blue,bot,Diable,BNK FEARX,Miss Fortune,1720,0,2,3,1,3,20,1,0,0,0,1,0,1,0,0.1047,0.8023
LOLTMNT02_241987,2025,Rounds 1-2,0,2025-04-03T10:26:24Z,1,15.06,Blue,sup,Kellin,BNK FEARX,Rell,1720,0,0,6,3,3,20,0,0,0,0,1,0,1,0,0.1047,0.8023
LOLTMNT02_243004,2025,Rounds 1-2,0,2025-04-03T11:16:53Z,2,15.06,Blue,top,Clear,BNK FEARX,Jax,1587,1,2,0,4,22,7,0,0,0,0,0,0,0,0,0.8318,1.0964
LOLTMNT02_243004,2025,Rounds 1-2,0,2025-04-03T11:16:53Z,2,15.06,Blue,jng,Raptor,BNK FEARX,Xin Zhao,1587,1,4,2,10,22,7,0,0,0,0,0,0,0,0,0.8318,1.0964
LOLTMNT02_243004,2025,Rounds 1-2,0,2025-04-03T11:16:53Z,2,15.06,Blue,mid,VicLa,BNK FEARX,Ahri,1587,1,2,2,14,22,7,0,0,0,0,0,0,0,1,0.8318,1.0964
LOLTMNT02_243004,2025,Rounds 1-2,0,2025-04-03T11:16:53Z,2,15.06,Blue,bot,Diable,BNK FEARX,Kalista,1587,1,14,1,5,22,7,4,3,1,0,0,0,0,0,0.8318,1.0964
LOLTMNT02_243004,2025,Rounds 1-2,0,2025-04-03T11:16:53Z,2,15.06,Blue,sup,Kellin,BNK FEARX,Renata Glasc,1587,1,0,2,18,22,7,0,0,0,0,0,0,0,0,0.8318,1.0964
LOLTMNT02_242946,2025,Rounds 1-2,0,2025-04-03T12:04:23Z,3,15.06,Red,top,Clear,BNK FEARX,K'Sante,2215,0,1,5,6,12,18,0,0,0,0,0,0,0,0,0.3251,0.8126
LOLTMNT02_242946,2025,Rounds 1-2,0,2025-04-03T12:04:23Z,3,15.06,Red,jng,Raptor,BNK FEARX,Vi,2215,0,0,2,9,12,18,0,0,0,0,0,0,0,0,0.3251,0.8126
LOLTMNT02_242946,2025,Rounds 1-2,0,2025-04-03T12:04:23Z,3,15.06,Red,mid,VicLa,BNK FEARX,Azir,2215,0,10,3,2,12,18,1,0,0,0,1,1,0,0,0.3251,0.8126
LOLTMNT02_242946,2025,Rounds 1-2,0,2025-04-03T12:04:23Z,3,15.06,Red,bot,Diable,BNK FEARX,Ashe,2215,0,1,4,7,12,18,0,0,0,0,0,0,0,0,0.3251,0.8126
LOLTMNT02_242946,2025,Rounds 1-2,0,2025-04-03T12:04:23Z,3,15.06,Red,sup,Kellin,BNK FEARX,Braum,2215,0,0,4,10,12,18,0,0,0,0,1,0,1,0,0.3251,0.8126
LOLTMNT02_244356,2025,Rounds 1-2,0,2025-04-05T06:08:15Z,1,15.06,Red,top,Clear,BNK FEARX,Ambessa,1930,0,1,6,3,8,22,0,0,0,0,0,0,0,1,0.2487,0.9326
LOLTMNT02_244356,2025,Rounds 1-2,0,2025-04-05T06:08:15Z,1,15.06,Red,jng,Raptor,BNK FEARX,Naafiri,1930,0,6,5,0,8,22,1,0,0,0,0,0,0,0,0.2487,0.9326
LOLTMNT02_244356,2025,Rounds 1-2,0,2025-04-05T06:08:15Z,1,15.06,Red,mid,VicLa,BNK FEARX,Sylas,1930,0,1,3,4,8,22,0,0,0,0,0,0,0,0,0.2487,0.9326
LOLTMNT02_244356,2025,Rounds 1-2,0,2025-04-05T06:08:15Z,1,15.06,Red,bot,Diable,BNK FEARX,Ezreal,1930,0,0,3,5,8,22,0,0,0,0,0,0,0,0,0.2487,0.9326
LOLTMNT02_244356,2025,Rounds 1-2,0,2025-04-05T06:08:15Z,1,15.06,Red,sup,Kellin,BNK FEARX,Elise,1930,0,0,5,6,8,22,0,0,0,0,0,0,0,0,0.2487,0.9326
LOLTMNT02_243459,2025,Rounds 1-2,0,2025-04-05T07:01:01Z,2,15.06,Blue,top,Clear,BNK FEARX,Rumble,2020,1,2,1,9,16,9,0,0,0,0,0,0,0,0,0.4752,0.7426
LOLTMNT02_243459,2025,Rounds 1-2,0,2025-04-05T07:01:01Z,2,15.06,Blue,jng,Raptor,BNK FEARX,Wukong,2020,1,6,3,8,16,9,1,0,0,0,0,0,0,0,0.4752,0.7426
LOLTMNT02_243459,2025,Rounds 1-2,0,2025-04-05T07:01:01Z,2,15.06,Blue,mid,VicLa,BNK FEARX,Ryze,2020,1,0,3,8,16,9,0,0,0,0,0,0,0,1,0.4752,0.7426
LOLTMNT02_243459,2025,Rounds 1-2,0,2025-04-05T07:01:01Z,2,15.06,Blue,bot,Diable,BNK FEARX,Xayah,2020,1,7,1,2,16,9,2,1,0,0,0,0,0,0,0.4752,0.7426
LOLTMNT02_243459,2025,Rounds 1-2,0,2025-04-05T07:01:01Z,2,15.06,Blue,sup,Kellin,BNK FEARX,Alistar,2020,1,1,1,10,16,9,0,0,0,0,0,0,0,0,0.4752,0.7426
LOLTMNT02_244383,2025,Rounds 1-2,0,2025-04-05T07:55:21Z,3,15.06,Red,top,Clear,BNK FEARX,Fiora,1499,1,2,3,5,15,6,0,0,0,0,0,0,0,1,0.6004,0.8406
LOLTMNT02_244383,2025,Rounds 1-2,0,2025-04-05T07:55:21Z,3,15.06,Red,jng,Raptor,BNK FEARX,Skarner,1499,1,4,0,8,15,6,0,0,0,0,0,0,0,0,0.6004,0.8406
LOLTMNT02_244383,2025,Rounds 1-2,0,2025-04-05T07:55:21Z,3,15.06,Red,mid,VicLa,BNK FEARX,Azir,1499,1,3,1,4,15,6,1,0,0,0,0,0,0,0,0.6004,0.8406
LOLTMNT02_244383,2025,Rounds 1-2,0,2025-04-05T07:55:21Z,3,15.06,Red,bot,Diable,BNK FEARX,Kai'Sa,1499,1,5,1,6,15,6,1,1,0,0,0,0,0,0,0.6004,0.8406
LOLTMNT02_244383,2025,Rounds 1-2,0,2025-04-05T07:55:21Z,3,15.06,Red,sup,Kellin,BNK FEARX,Leona,1499,1,1,1,11,15,6,0,0,0,0,0,0,0,0,0.6004,0.8406
LOLTMNT03_218624,2025,Rounds 1-2,0,2025-04-10T08:06:04Z,1,15.07,Blue,top,Clear,BNK FEARX,Jayce,1980,1,4,0,5,18,7,0,0,0,0,1,1,0,0,0.5455,0.7576
LOLTMNT03_218624,2025,Rounds 1-2,0,2025-04-10T08:06:04Z,1,15.07,Blue,jng,Raptor,BNK FEARX,Naafiri,1980,1,3,1,7,18,7,0,0,0,0,1,0,1,0,0.5455,0.7576
LOLTMNT03_218624,2025,Rounds 1-2,0,2025-04-10T08:06:04Z,1,15.07,Blue,mid,VicLa,BNK FEARX,Taliyah,1980,1,5,2,6,18,7,1,0,0,0,1,0,1,0,0.5455,0.7576
LOLTMNT03_218624,2025,Rounds 1-2,0,2025-04-10T08:06:04Z,1,15.07,Blue,bot,Diable,BNK FEARX,Xayah,1980,1,6,1,7,18,7,1,0,0,0,0,0,0,0,0.5455,0.7576
LOLTMNT03_218624,2025,Rounds 1-2,0,2025-04-10T08:06:04Z,1,15.07,Blue,sup,Kellin,BNK FEARX,Rakan,1980,1,0,3,16,18,7,0,0,0,0,1,0,1,0,0.5455,0.7576
LOLTMNT03_218633,2025,Rounds 1-2,0,2025-04-10T09:04:58Z,2,15.07,Red,top,Clear,BNK FEARX,Renekton,2001,1,6,2,7,23,10,1,0,0,0,0,0,0,0,0.6897,0.9895
LOLTMNT03_218633,2025,Rounds 1-2,0,2025-04-10T09:04:58Z,2,15.07,Red,jng,Raptor,BNK FEARX,Viego,2001,1,8,1,8,23,10,1,0,0,0,0,0,0,0,0.6897,0.9895
LOLTMNT03_218633,2025,Rounds 1-2,0,2025-04-10T09:04:58Z,2,15.07,Red,mid,VicLa,BNK FEARX,Ahri,2001,1,2,2,12,23,10,0,0,0,0,0,0,0,0,0.6897,0.9895
LOLTMNT03_218633,2025,Rounds 1-2,0,2025-04-10T09:04:58Z,2,15.07,Red,bot,Diable,BNK FEARX,Ezreal,2001,1,7,0,8,23,10,1,1,0,0,0,0,0,0,0.6897,0.9895
LOLTMNT03_218633,2025,Rounds 1-2,0,2025-04-10T09:04:58Z,2,15.07,Red,sup,Kellin,BNK FEARX,Leona,2001,1,0,5,13,23,10,0,0,0,0,0,0,0,1,0.6897,0.9895
LOLTMNT03_222019,2025,Rounds 1-2,0,2025-04-12T08:29:02Z,1,15.07,Red,top,Clear,BNK FEARX,Sion,1799,0,0,3,4,9,17,0,0,0,0,0,0,0,0,0.3002,0.8671
LOLTMNT03_222019,2025,Rounds 1-2,0,2025-04-12T08:29:02Z,1,15.07,Red,jng,Raptor,BNK FEARX,Xin Zhao,1799,0,3,3,1,9,17,0,0,0,0,0,0,0,0,0.3002,0.8671
LOLTMNT03_222019,2025,Rounds 1-2,0,2025-04-12T08:29:02Z,1,15.07,Red,mid,VicLa,BNK FEARX,Taliyah,1799,0,1,4,4,9,17,0,0,0,0,0,0,0,0,0.3002,0.8671
LOLTMNT03_222019,2025,Rounds 1-2,0,2025-04-12T08:29:02Z,1,15.07,Red,bot,Diable,BNK FEARX,Xayah,1799,0,4,3,3,9,17,0,0,0,0,1,1,0,0,0.3002,0.8671
LOLTMNT03_222019,2025,Rounds 1-2,0,2025-04-12T08:29:02Z,1,15.07,Red,sup,Kellin,BNK FEARX,Rakan,1799,0,1,4,6,9,17,0,0,0,0,1,0,1,0,0.3002,0.8671
LOLTMNT03_221610,2025,Rounds 1-2,0,2025-04-12T09:21:23Z,2,15.07,Blue,top,Clear,BNK FEARX,K'Sante,1744,1,1,0,6,14,6,0,0,0,0,0,0,0,0,0.4817,0.6881
LOLTMNT03_221610,2025,Rounds 1-2,0,2025-04-12T09:21:23Z,2,15.07,Blue,jng,Raptor,BNK FEARX,Zyra,1744,1,2,1,8,14,6,0,0,0,0,1,1,0,0,0.4817,0.6881
LOLTMNT03_221610,2025,Rounds 1-2,0,2025-04-12T09:21:23Z,2,15.07,Blue,mid,VicLa,BNK FEARX,Azir,1744,1,4,1,4,14,6,1,0,0,0,0,0,0,0,0.4817,0.6881
LOLTMNT03_221610,2025,Rounds 1-2,0,2025-04-12T09:21:23Z,2,15.07,Blue,bot,Diable,BNK FEARX,Ezreal,1744,1,7,1,4,14,6,1,1,0,0,1,0,1,0,0.4817,0.6881
LOLTMNT03_221610,2025,Rounds 1-2,0,2025-04-12T09:21:23Z,2,15.07,Blue,sup,Kellin,BNK FEARX,Leona,1744,1,0,3,9,14,6,0,0,0,0,1,0,1,0,0.4817,0.6881
LOLTMNT03_221634,2025,Rounds 1-2,0,2025-04-12T10:12:46Z,3,15.07,Red,top,Clear,BNK FEARX,Ambessa,1575,0,3,4,1,8,24,0,0,0,0,0,0,0,0,0.3048,1.219
LOLTMNT03_221634,2025,Rounds 1-2,0,2025-04-12T10:12:46Z,3,15.07,Red,jng,Raptor,BNK FEARX,Lillia,1575,0,0,3,7,8,24,0,0,0,0,0,0,0,0,0.3048,1.219
LOLTMNT03_221634,2025,Rounds 1-2,0,2025-04-12T10:12:46Z,3,15.07,Red,mid,VicLa,BNK FEARX,Galio,1575,0,1,5,4,8,24,0,0,0,0,0,0,0,0,0.3048,1.219
LOLTMNT03_221634,2025,Rounds 1-2,0,2025-04-12T10:12:46Z,3,15.07,Red,bot,Diable,BNK FEARX,Miss Fortune,1575,0,2,4,3,8,24,0,0,0,0,0,0,0,0,0.3048,1.219
LOLTMNT03_221634,2025,Rounds 1-2,0,2025-04-12T10:12:46Z,3,15.07,Red,sup,Kellin,BNK FEARX,Rell,1575,0,2,8,5,8,24,0,0,0,0,0,0,0,1,0.3048,1.219
LOLTMNT03_229121,2025,Rounds 1-2,0,2025-04-16T11:13:00Z,1,15.07,Blue,top,Clear,BNK FEARX,Jax,2070,1,5,1,9,19,13,1,0,0,0,1,0,1,0,0.5507,0.9275
LOLTMNT03_229121,2025,Rounds 1-2,0,2025-04-16T11:13:00Z,1,15.07,Blue,jng,Raptor,BNK FEARX,Naafiri,2070,1,8,1,5,19,13,1,0,0,0,1,1,0,0,0.5507,0.9275
LOLTMNT03_229121,2025,Rounds 1-2,0,2025-04-16T11:13:00Z,1,15.07,Blue,mid,VicLa,BNK FEARX,Taliyah,2070,1,2,2,11,19,13,0,0,0,0,1,0,1,0,0.5507,0.9275
LOLTMNT03_229121,2025,Rounds 1-2,0,2025-04-16T11:13:00Z,1,15.07,Blue,bot,Diable,BNK FEARX,Varus,2070,1,4,4,7,19,13,1,0,0,0,0,0,0,0,0.5507,0.9275
LOLTMNT03_229121,2025,Rounds 1-2,0,2025-04-16T11:13:00Z,1,15.07,Blue,sup,Kellin,BNK FEARX,Nautilus,2070,1,0,5,13,19,13,0,0,0,0,0,0,0,0,0.5507,0.9275
LOLTMNT03_229164,2025,Rounds 1-2,0,2025-04-16T12:09:37Z,2,15.07,Red,top,Clear,BNK FEARX,Renekton,1810,0,2,6,4,11,29,0,0,0,0,0,0,0,1,0.3646,1.326
LOLTMNT03_229164,2025,Rounds 1-2,0,2025-04-16T12:09:37Z,2,15.07,Red,jng,Raptor,BNK FEARX,Viego,1810,0,5,6,2,11,29,1,1,0,0,0,0,0,0,0.3646,1.326
LOLTMNT03_229164,2025,Rounds 1-2,0,2025-04-16T12:09:37Z,2,15.07,Red,mid,VicLa,BNK FEARX,Sylas,1810,0,1,7,3,11,29,0,0,0,0,0,0,0,0,0.3646,1.326
LOLTMNT03_229164,2025,Rounds 1-2,0,2025-04-16T12:09:37Z,2,15.07,Red,bot,Diable,BNK FEARX,Xayah,1810,0,2,5,1,11,29,0,0,0,0,0,0,0,0,0.3646,1.326
LOLTMNT03_229164,2025,Rounds 1-2,0,2025-04-16T12:09:37Z,2,15.07,Red,sup,Kellin,BNK FEARX,Rakan,1810,0,1,5,5,11,29,0,0,0,0,0,0,0,0,0.3646,1.326
LOLTMNT03_229200,2025,Rounds 1-2,0,2025-04-16T13:02:35Z,3,15.07,Blue,top,Clear,BNK FEARX,K'Sante,1474,0,0,2,0,0,20,0,0,0,0,0,0,0,0,0,0.8141
LOLTMNT03_229200,2025,Rounds 1-2,0,2025-04-16T13:02:35Z,3,15.07,Blue,jng,Raptor,BNK FEARX,Zyra,1474,0,0,6,0,0,20,0,0,0,0,0,0,0,0,0,0.8141
LOLTMNT03_229200,2025,Rounds 1-2,0,2025-04-16T13:02:35Z,3,15.07,Blue,mid,VicLa,BNK FEARX,Corki,1474,0,0,5,0,0,20,0,0,0,0,0,0,0,1,0,0.8141
LOLTMNT03_229200,2025,Rounds 1-2,0,2025-04-16T13:02:35Z,3,15.07,Blue,bot,Diable,BNK FEARX,Zeri,1474,0,0,4,0,0,20,0,0,0,0,0,0,0,0,0,0.8141
LOLTMNT03_229200,2025,Rounds 1-2,0,2025-04-16T13:02:35Z,3,15.07,Blue,sup,Kellin,BNK FEARX,Lulu,1474,0,0,3,0,0,20,0,0,0,0,0,0,0,0,0,0.8141
LOLTMNT03_229809,2025,Rounds 1-2,0,2025-04-18T08:05:29Z,1,15.07,Blue,top,Clear,BNK FEARX,Jax,2254,0,2,2,2,12,22,0,0,0,0,0,0,0,0,0.3194,0.9051
LOLTMNT03_229809,2025,Rounds 1-2,0,2025-04-18T08:05:29Z,1,15.07,Blue,jng,Raptor,BNK FEARX,Naafiri,2254,0,1,6,7,12,22,0,0,0,0,0,0,0,0,0.3194,0.9051
LOLTMNT03_229809,2025,Rounds 1-2,0,2025-04-18T08:05:29Z,1,15.07,Blue,mid,VicLa,BNK FEARX,Taliyah,2254,0,2,3,8,12,22,0,0,0,0,0,0,0,0,0.3194,0.9051
LOLTMNT03_229809,2025,Rounds 1-2,0,2025-04-18T08:05:29Z,1,15.07,Blue,bot,Diable,BNK FEARX,Varus,2254,0,6,2,3,12,22,2,0,0,0,0,0,0,0,0.3194,0.9051
LOLTMNT03_229809,2025,Rounds 1-2,0,2025-04-18T08:05:29Z,1,15.07,Blue,sup,Kellin,BNK FEARX,Poppy,2254,0,1,9,7,12,22,0,0,0,0,0,0,0,1,0.3194,0.9051
LOLTMNT03_229822,2025,Rounds 1-2,0,2025-04-18T09:10:00Z,2,15.07,Blue,top,Clear,BNK FEARX,Jayce,2019,1,4,2,7,16,10,0,0,0,0,0,0,0,0,0.4755,0.7727
LOLTMNT03_229822,2025,Rounds 1-2,0,2025-04-18T09:10:00Z,2,15.07,Blue,jng,Raptor,BNK FEARX,Skarner,2019,1,1,2,9,16,10,0,0,0,0,0,0,0,1,0.4755,0.7727
LOLTMNT03_229822,2025,Rounds 1-2,0,2025-04-18T09:10:00Z,2,15.07,Blue,mid,VicLa,BNK FEARX,Ryze,2019,1,5,2,6,16,10,0,0,0,0,0,0,0,0,0.4755,0.7727
LOLTMNT03_229822,2025,Rounds 1-2,0,2025-04-18T09:10:00Z,2,15.07,Blue,bot,Diable,BNK FEARX,Miss Fortune,2019,1,3,1,6,16,10,0,0,0,0,0,0,0,0,0.4755,0.7727
LOLTMNT03_229822,2025,Rounds 1-2,0,2025-04-18T09:10:00Z,2,15.07,Blue,sup,Kellin,BNK FEARX,Rell,2019,1,3,3,8,16,10,0,0,0,0,0,0,0,0,0.4755,0.7727
LOLTMNT03_230810,2025,Rounds 1-2,0,2025-04-18T10:05:30Z,3,15.07,Red,top,Clear,BNK FEARX,Sion,1712,1,2,1,5,14,3,0,0,0,0,0,0,0,0,0.4907,0.5958
LOLTMNT03_230810,2025,Rounds 1-2,0,2025-04-18T10:05:30Z,3,15.07,Red,jng,Raptor,BNK FEARX,Viego,1712,1,7,2,2,14,3,0,0,0,0,0,0,0,0,0.4907,0.5958
LOLTMNT03_230810,2025,Rounds 1-2,0,2025-04-18T10:05:30Z,3,15.07,Red,mid,VicLa,BNK FEARX,Ahri,1712,1,2,0,7,14,3,0,0,0,0,0,0,0,0,0.4907,0.5958
LOLTMNT03_230810,2025,Rounds 1-2,0,2025-04-18T10:05:30Z,3,15.07,Red,bot,Diable,BNK FEARX,Zeri,1712,1,2,0,7,14,3,0,0,0,0,1,1,0,0,0.4907,0.5958
LOLTMNT03_230810,2025,Rounds 1-2,0,2025-04-18T10:05:30Z,3,15.07,Red,sup,Kellin,BNK FEARX,Alistar,1712,1,1,0,10,14,3,0,0,0,0,1,0,1,0,0.4907,0.5958
LOLTMNT01_228803,2025,Rounds 1-2,0,2025-04-23T10:22:22Z,1,15.08,Red,top,Clear,BNK FEARX,Rumble,1832,0,3,7,6,15,30,0,0,0,0,0,0,0,0,0.4913,1.4738
LOLTMNT01_228803,2025,Rounds 1-2,0,2025-04-23T10:22:22Z,1,15.08,Red,jng,Raptor,BNK FEARX,Skarner,1832,0,2,5,12,15,30,0,0,0,0,0,0,0,0,0.4913,1.4738
LOLTMNT01_228803,2025,Rounds 1-2,0,2025-04-23T10:22:22Z,1,15.08,Red,mid,VicLa,BNK FEARX,Yone,1832,0,3,6,6,15,30,0,0,0,0,0,0,0,1,0.4913,1.4738
LOLTMNT01_228803,2025,Rounds 1-2,0,2025-04-23T10:22:22Z,1,15.08,Red,bot,Diable,BNK FEARX,Varus,1832,0,7,7,5,15,30,1,0,0,0,0,0,0,0,0.4913,1.4738
LOLTMNT01_228803,2025,Rounds 1-2,0,2025-04-23T10:22:22Z,1,15.08,Red,sup,Kellin,BNK FEARX,Renata Glasc,1832,0,0,5,11,15,30,0,0,0,0,0,0,0,0,0.4913,1.4738
LOLTMNT01_228821,2025,Rounds 1-2,0,2025-04-23T11:15:41Z,2,15.08,Blue,top,Clear,BNK FEARX,Sion,1946,0,1,3,8,17,22,0,0,0,0,0,0,0,0,0.5242,1.2025
LOLTMNT01_228821,2025,Rounds 1-2,0,2025-04-23T11:15:41Z,2,15.08,Blue,jng,Raptor,BNK FEARX,Naafiri,1946,0,5,6,8,17,22,1,0,0,0,0,0,0,0,0.5242,1.2025
LOLTMNT01_228821,2025,Rounds 1-2,0,2025-04-23T11:15:41Z,2,15.08,Blue,mid,VicLa,BNK FEARX,Taliyah,1946,0,4,4,9,17,22,1,0,0,0,0,0,0,0,0.5242,1.2025
LOLTMNT01_228821,2025,Rounds 1-2,0,2025-04-23T11:15:41Z,2,15.08,Blue,bot,Diable,BNK FEARX,Ezreal,1946,0,7,4,8,17,22,1,0,0,0,0,0,0,0,0.5242,1.2025
LOLTMNT01_228821,2025,Rounds 1-2,0,2025-04-23T11:15:41Z,2,15.08,Blue,sup,Kellin,BNK FEARX,Rell,1946,0,0,5,15,17,22,0,0,0,0,0,0,0,1,0.5242,1.2025
LOLTMNT01_232663,2025,Rounds 1-2,0,2025-04-26T06:07:29Z,1,15.08,Red,top,Clear,BNK FEARX,Jayce,2403,0,5,5,6,18,17,0,0,0,0,1,1,0,0,0.4494,0.8739
LOLTMNT01_232663,2025,Rounds 1-2,0,2025-04-26T06:07:29Z,1,15.08,Red,jng,Raptor,BNK FEARX,Poppy,2403,0,5,3,8,18,17,1,0,0,0,0,0,0,0,0.4494,0.8739
LOLTMNT01_232663,2025,Rounds 1-2,0,2025-04-26T06:07:29Z,1,15.08,Red,mid,VicLa,BNK FEARX,Azir,2403,0,3,3,7,18,17,1,0,0,0,0,0,0,0,0.4494,0.8739
LOLTMNT01_232663,2025,Rounds 1-2,0,2025-04-26T06:07:29Z,1,15.08,Red,bot,Diable,BNK FEARX,Ezreal,2403,0,5,3,4,18,17,0,0,0,0,0,0,0,0,0.4494,0.8739
LOLTMNT01_232663,2025,Rounds 1-2,0,2025-04-26T06:07:29Z,1,15.08,Red,sup,Kellin,BNK FEARX,Karma,2403,0,0,3,7,18,17,0,0,0,0,0,0,0,0,0.4494,0.8739
LOLTMNT01_233515,2025,Rounds 1-2,0,2025-04-26T07:09:50Z,2,15.08,Blue,top,Clear,BNK FEARX,Renekton,1735,1,4,0,7,15,7,1,0,0,0,0,0,0,0,0.5187,0.7608
LOLTMNT01_233515,2025,Rounds 1-2,0,2025-04-26T07:09:50Z,2,15.08,Blue,jng,Raptor,BNK FEARX,Lillia,1735,1,6,1,7,15,7,1,0,0,0,1,1,0,0,0.5187,0.7608
LOLTMNT01_233515,2025,Rounds 1-2,0,2025-04-26T07:09:50Z,2,15.08,Blue,mid,VicLa,BNK FEARX,Ryze,1735,1,2,2,11,15,7,0,0,0,0,1,0,1,0,0.5187,0.7608
LOLTMNT01_233515,2025,Rounds 1-2,0,2025-04-26T07:09:50Z,2,15.08,Blue,bot,Diable,BNK FEARX,Kalista,1735,1,2,1,11,15,7,1,0,0,0,0,0,0,0,0.5187,0.7608
LOLTMNT01_233515,2025,Rounds 1-2,0,2025-04-26T07:09:50Z,2,15.08,Blue,sup,Kellin,BNK FEARX,Ashe,1735,1,1,3,12,15,7,0,0,0,0,0,0,0,0,0.5187,0.7608
LOLTMNT01_233535,2025,Rounds 1-2,0,2025-04-26T07:59:46Z,3,15.08,Red,top,Clear,BNK FEARX,Jax,1807,1,6,0,5,15,5,1,1,0,0,0,0,0,0,0.4981,0.6641
LOLTMNT01_233535,2025,Rounds 1-2,0,2025-04-26T07:59:46Z,3,15.08,Red,jng,Raptor,BNK FEARX,Pantheon,1807,1,5,3,7,15,5,1,0,0,0,0,0,0,1,0.4981,0.6641
LOLTMNT01_233535,2025,Rounds 1-2,0,2025-04-26T07:59:46Z,3,15.08,Red,mid,VicLa,BNK FEARX,Viktor,1807,1,2,1,8,15,5,0,0,0,0,0,0,0,0,0.4981,0.6641
LOLTMNT01_233535,2025,Rounds 1-2,0,2025-04-26T07:59:46Z,3,15.08,Red,bot,Diable,BNK FEARX,Lucian,1807,1,1,1,9,15,5,0,0,0,0,0,0,0,0,0.4981,0.6641
LOLTMNT01_233535,2025,Rounds 1-2,0,2025-04-26T07:59:46Z,3,15.08,Red,sup,Kellin,BNK FEARX,Alistar,1807,1,1,0,8,15,5,0,0,0,0,0,0,0,0,0.4981,0.6641
LOLTMNT01_237541,2025,Rounds 1-2,0,2025-04-30T11:18:31Z,1,15.08,Blue,top,Clear,BNK FEARX,Jayce,2090,0,3,3,2,7,15,0,0,0,0,0,0,0,0,0.201,0.6316
LOLTMNT01_237541,2025,Rounds 1-2,0,2025-04-30T11:18:31Z,1,15.08,Blue,jng,Raptor,BNK FEARX,Sejuani,2090,0,0,3,6,7,15,0,0,0,0,1,0,1,0,0.201,0.6316
LOLTMNT01_237541,2025,Rounds 1-2,0,2025-04-30T11:18:31Z,1,15.08,Blue,mid,VicLa,BNK FEARX,Taliyah,2090,0,2,1,5,7,15,0,0,0,0,1,0,1,0,0.201,0.6316
LOLTMNT01_237541,2025,Rounds 1-2,0,2025-04-30T11:18:31Z,1,15.08,Blue,bot,Diable,BNK FEARX,Kai'Sa,2090,0,2,5,3,7,15,0,0,0,0,1,1,0,0,0.201,0.6316
LOLTMNT01_237541,2025,Rounds 1-2,0,2025-04-30T11:18:31Z,1,15.08,Blue,sup,Kellin,BNK FEARX,Alistar,2090,0,0,3,6,7,15,0,0,0,0,1,0,1,0,0.201,0.6316
LOLTMNT01_238088,2025,Rounds 1-2,0,2025-04-30T12:15:07Z,2,15.08,Blue,top,Clear,BNK FEARX,Jax,1860,0,0,5,3,11,18,0,0,0,0,0,0,0,0,0.3548,0.9355
LOLTMNT01_238088,2025,Rounds 1-2,0,2025-04-30T12:15:07Z,2,15.08,Blue,jng,Raptor,BNK FEARX,Skarner,1860,0,1,2,7,11,18,0,0,0,0,0,0,0,0,0.3548,0.9355
LOLTMNT01_238088,2025,Rounds 1-2,0,2025-04-30T12:15:07Z,2,15.08,Blue,mid,VicLa,BNK FEARX,Viktor,1860,0,1,4,5,11,18,0,0,0,0,0,0,0,1,0.3548,0.9355
LOLTMNT01_238088,2025,Rounds 1-2,0,2025-04-30T12:15:07Z,2,15.08,Blue,bot,Diable,BNK FEARX,Kalista,1860,0,8,3,2,11,18,2,0,0,0,0,0,0,0,0.3548,0.9355
LOLTMNT01_238088,2025,Rounds 1-2,0,2025-04-30T12:15:07Z,2,15.08,Blue,sup,Kellin,BNK FEARX,Neeko,1860,0,1,4,6,11,18,0,0,0,0,0,0,0,0,0.3548,0.9355
LOLTMNT01_239535,2025,Rounds 1-2,0,2025-05-03T08:29:23Z,1,15.08,Red,top,Clear,BNK FEARX,Rumble,2141,0,1,6,6,22,26,0,0,0,0,0,0,0,0,0.6165,1.3452
LOLTMNT01_239535,2025,Rounds 1-2,0,2025-05-03T08:29:23Z,1,15.08,Red,jng,Raptor,BNK FEARX,Xin Zhao,2141,0,4,6,11,22,26,1,0,0,0,1,1,0,0,0.6165,1.3452
LOLTMNT01_239535,2025,Rounds 1-2,0,2025-05-03T08:29:23Z,1,15.08,Red,mid,VicLa,BNK FEARX,Azir,2141,0,7,4,7,22,26,2,0,0,0,0,0,0,0,0.6165,1.3452
LOLTMNT01_239535,2025,Rounds 1-2,0,2025-05-03T08:29:23Z,1,15.08,Red,bot,Diable,BNK FEARX,Kai'Sa,2141,0,9,4,5,22,26,1,0,0,0,0,0,0,0,0.6165,1.3452
LOLTMNT01_239535,2025,Rounds 1-2,0,2025-05-03T08:29:23Z,1,15.08,Red,sup,Kellin,BNK FEARX,Leona,2141,0,1,6,17,22,26,0,0,0,0,0,0,0,0,0.6165,1.3452
LOLTMNT01_240045,2025,Rounds 1-2,0,2025-05-03T09:27:45Z,2,15.08,Blue,top,Clear,BNK FEARX,Jayce,2656,0,6,5,6,18,22,0,0,0,0,1,1,0,0,0.4066,0.9036
LOLTMNT01_240045,2025,Rounds 1-2,0,2025-05-03T09:27:45Z,2,15.08,Blue,jng,Raptor,BNK FEARX,Skarner,2656,0,1,6,10,18,22,0,0,0,0,1,0,1,0,0.4066,0.9036
LOLTMNT01_240045,2025,Rounds 1-2,0,2025-05-03T09:27:45Z,2,15.08,Blue,mid,VicLa,BNK FEARX,Ahri,2656,0,7,6,7,18,22,2,1,0,0,0,0,0,0,0.4066,0.9036
LOLTMNT01_240045,2025,Rounds 1-2,0,2025-05-03T09:27:45Z,2,15.08,Blue,bot,Diable,BNK FEARX,Lucian,2656,0,4,3,4,18,22,0,0,0,0,0,0,0,0,0.4066,0.9036
LOLTMNT01_240045,2025,Rounds 1-2,0,2025-05-03T09:27:45Z,2,15.08,Blue,sup,Kellin,BNK FEARX,Milio,2656,0,0,2,14,18,22,0,0,0,0,1,0,1,0,0.4066,0.9036
LOLTMNT02_257604,2025,Rounds 1-2,0,2025-05-07T08:03:23Z,1,15.09,Blue,top,Clear,BNK FEARX,Rumble,1701,1,12,0,10,29,10,2,0,0,0,1,1,0,0,1.0229,1.3757
LOLTMNT02_257604,2025,Rounds 1-2,0,2025-05-07T08:03:23Z,1,15.09,Blue,jng,Raptor,BNK FEARX,Naafiri,1701,1,11,2,11,29,10,2,1,0,0,1,0,1,0,1.0229,1.3757
LOLTMNT02_257604,2025,Rounds 1-2,0,2025-05-07T08:03:23Z,1,15.09,Blue,mid,VicLa,BNK FEARX,Annie,1701,1,3,6,21,29,10,0,0,0,0,0,0,0,0,1.0229,1.3757
LOLTMNT02_257604,2025,Rounds 1-2,0,2025-05-07T08:03:23Z,1,15.09,Blue,bot,Diable,BNK FEARX,Ezreal,1701,1,2,1,18,29,10,0,0,0,0,0,0,0,0,1.0229,1.3757
LOLTMNT02_257604,2025,Rounds 1-2,0,2025-05-07T08:03:23Z,1,15.09,Blue,sup,Kellin,BNK FEARX,Leona,1701,1,1,1,20,29,10,0,0,0,0,0,0,0,0,1.0229,1.3757
LOLTMNT02_258642,2025,Rounds 1-2,0,2025-05-07T08:53:24Z,2,15.09,Red,top,Clear,BNK FEARX,Ambessa,1769,0,1,3,4,11,14,0,0,0,0,0,0,0,0,0.3731,0.8479
LOLTMNT02_258642,2025,Rounds 1-2,0,2025-05-07T08:53:24Z,2,15.09,Red,jng,Raptor,BNK FEARX,Xin Zhao,1769,0,3,3,4,11,14,0,0,0,0,1,1,0,0,0.3731,0.8479
LOLTMNT02_258642,2025,Rounds 1-2,0,2025-05-07T08:53:24Z,2,15.09,Red,mid,VicLa,BNK FEARX,Taliyah,1769,0,2,2,2,11,14,0,0,0,0,0,0,0,0,0.3731,0.8479
LOLTMNT02_258642,2025,Rounds 1-2,0,2025-05-07T08:53:24Z,2,15.09,Red,bot,Diable,BNK FEARX,Xayah,1769,0,3,2,4,11,14,0,0,0,0,1,0,1,0,0.3731,0.8479
LOLTMNT02_258642,2025,Rounds 1-2,0,2025-05-07T08:53:24Z,2,15.09,Red,sup,Kellin,BNK FEARX,Alistar,1769,0,2,4,7,11,14,0,0,0,0,1,0,1,0,0.3731,0.8479
LOLTMNT02_258663,2025,Rounds 1-2,0,2025-05-07T09:44:51Z,3,15.09,Blue,top,Clear,BNK FEARX,Jayce,1733,1,2,2,7,13,8,0,0,0,0,0,0,0,0,0.4501,0.7271
LOLTMNT02_258663,2025,Rounds 1-2,0,2025-05-07T09:44:51Z,3,15.09,Blue,jng,Raptor,BNK FEARX,Skarner,1733,1,1,1,8,13,8,0,0,0,0,0,0,0,0,0.4501,0.7271
LOLTMNT02_258663,2025,Rounds 1-2,0,2025-05-07T09:44:51Z,3,15.09,Blue,mid,VicLa,BNK FEARX,Ryze,1733,1,1,0,3,13,8,0,0,0,0,0,0,0,0,0.4501,0.7271
LOLTMNT02_258663,2025,Rounds 1-2,0,2025-05-07T09:44:51Z,3,15.09,Blue,bot,Diable,BNK FEARX,Jinx,1733,1,9,1,3,13,8,1,1,1,1,0,0,0,0,0.4501,0.7271
LOLTMNT02_258663,2025,Rounds 1-2,0,2025-05-07T09:44:51Z,3,15.09,Blue,sup,Kellin,BNK FEARX,Tahm Kench,1733,1,0,4,12,13,8,0,0,0,0,0,0,0,1,0.4501,0.7271
LOLTMNT02_262780,2025,Rounds 1-2,0,2025-05-10T08:12:35Z,1,15.09,Red,top,Clear,BNK FEARX,Gwen,2140,0,2,3,3,10,15,0,0,0,0,0,0,0,0,0.2804,0.7009
LOLTMNT02_262780,2025,Rounds 1-2,0,2025-05-10T08:12:35Z,1,15.09,Red,jng,Raptor,BNK FEARX,Wukong,2140,0,2,3,2,10,15,0,0,0,0,0,0,0,0,0.2804,0.7009
LOLTMNT02_262780,2025,Rounds 1-2,0,2025-05-10T08:12:35Z,1,15.09,Red,mid,VicLa,BNK FEARX,Azir,2140,0,1,3,4,10,15,0,0,0,0,0,0,0,1,0.2804,0.7009
LOLTMNT02_262780,2025,Rounds 1-2,0,2025-05-10T08:12:35Z,1,15.09,Red,bot,Diable,BNK FEARX,Ezreal,2140,0,5,1,2,10,15,1,1,0,0,0,0,0,0,0.2804,0.7009
LOLTMNT02_262780,2025,Rounds 1-2,0,2025-05-10T08:12:35Z,1,15.09,Red,sup,Kellin,BNK FEARX,Leona,2140,0,0,5,7,10,15,0,0,0,0,0,0,0,0,0.2804,0.7009
LOLTMNT02_262815,2025,Rounds 1-2,0,2025-05-10T09:10:05Z,2,15.09,Blue,top,Clear,BNK FEARX,Aurora,1872,0,2,4,0,7,15,0,0,0,0,0,0,0,0,0.2244,0.7051
LOLTMNT02_262815,2025,Rounds 1-2,0,2025-05-10T09:10:05Z,2,15.09,Blue,jng,Raptor,BNK FEARX,Naafiri,1872,0,2,2,5,7,15,0,0,0,0,0,0,0,0,0.2244,0.7051
LOLTMNT02_262815,2025,Rounds 1-2,0,2025-05-10T09:10:05Z,2,15.09,Blue,mid,VicLa,BNK FEARX,Sylas,1872,0,3,4,1,7,15,0,0,0,0,0,0,0,1,0.2244,0.7051
LOLTMNT02_262815,2025,Rounds 1-2,0,2025-05-10T09:10:05Z,2,15.09,Blue,bot,Diable,BNK FEARX,Lucian,1872,0,0,3,2,7,15,0,0,0,0,0,0,0,0,0.2244,0.7051
LOLTMNT02_262815,2025,Rounds 1-2,0,2025-05-10T09:10:05Z,2,15.09,Blue,sup,Kellin,BNK FEARX,Nami,1872,0,0,2,2,7,15,0,0,0,0,0,0,0,0,0.2244,0.7051
LOLTMNT02_265983,2025,Rounds 1-2,0,2025-05-14T08:04:35Z,1,15.09,Blue,top,Clear,BNK FEARX,Rumble,1714,1,3,0,11,21,10,0,0,0,0,0,0,0,0,0.7351,1.0852
LOLTMNT02_265983,2025,Rounds 1-2,0,2025-05-14T08:04:35Z,1,15.09,Blue,jng,Raptor,BNK FEARX,Xin Zhao,1714,1,3,2,9,21,10,0,0,0,0,0,0,0,0,0.7351,1.0852
LOLTMNT02_265983,2025,Rounds 1-2,0,2025-05-14T08:04:35Z,1,15.09,Blue,mid,VicLa,BNK FEARX,Azir,1714,1,2,4,8,21,10,0,0,0,0,0,0,0,0,0.7351,1.0852
LOLTMNT02_265983,2025,Rounds 1-2,0,2025-05-14T08:04:35Z,1,15.09,Blue,bot,Diable,BNK FEARX,Kai'Sa,1714,1,11,3,8,21,10,3,1,0,0,0,0,0,1,0.7351,1.0852
LOLTMNT02_265983,2025,Rounds 1-2,0,2025-05-14T08:04:35Z,1,15.09,Blue,sup,Kellin,BNK FEARX,Neeko,1714,1,2,1,13,21,10,0,0,0,0,0,0,0,0,0.7351,1.0852
LOLTMNT02_265989,2025,Rounds 1-2,0,2025-05-14T08:57:26Z,2,15.09,Red,top,Clear,BNK FEARX,Sion,1633,0,0,2,5,10,17,0,0,0,0,0,0,0,0,0.3674,0.992
LOLTMNT02_265989,2025,Rounds 1-2,0,2025-05-14T08:57:26Z,2,15.09,Red,jng,Raptor,BNK FEARX,Maokai,1633,0,0,3,8,10,17,0,0,0,0,1,0,1,0,0.3674,0.992
LOLTMNT02_265989,2025,Rounds 1-2,0,2025-05-14T08:57:26Z,2,15.09,Red,mid,VicLa,BNK FEARX,Tristana,1633,0,6,5,2,10,17,2,0,0,0,0,0,0,0,0.3674,0.992
LOLTMNT02_265989,2025,Rounds 1-2,0,2025-05-14T08:57:26Z,2,15.09,Red,bot,Diable,BNK FEARX,Lucian,1633,0,3,5,3,10,17,0,0,0,0,1,1,0,0,0.3674,0.992
LOLTMNT02_265989,2025,Rounds 1-2,0,2025-05-14T08:57:26Z,2,15.09,Red,sup,Kellin,BNK FEARX,Milio,1633,0,1,2,8,10,17,0,0,0,0,1,0,1,0,0.3674,0.992
LOLTMNT02_265995,2025,Rounds 1-2,0,2025-05-14T09:46:11Z,3,15.09,Blue,top,Clear,BNK FEARX,Gwen,1586,0,2,3,1,7,22,0,0,0,0,0,0,0,0,0.2648,1.0971
LOLTMNT02_265995,2025,Rounds 1-2,0,2025-05-14T09:46:11Z,3,15.09,Blue,jng,Raptor,BNK FEARX,Nocturne,1586,0,1,5,3,7,22,0,0,0,0,0,0,0,0,0.2648,1.0971
LOLTMNT02_265995,2025,Rounds 1-2,0,2025-05-14T09:46:11Z,3,15.09,Blue,mid,VicLa,BNK FEARX,Annie,1586,0,3,6,4,7,22,0,0,0,0,0,0,0,0,0.2648,1.0971
LOLTMNT02_265995,2025,Rounds 1-2,0,2025-05-14T09:46:11Z,3,15.09,Blue,bot,Diable,BNK FEARX,Jinx,1586,0,1,4,3,7,22,0,0,0,0,0,0,0,0,0.2648,1.0971
LOLTMNT02_265995,2025,Rounds 1-2,0,2025-05-14T09:46:11Z,3,15.09,Blue,sup,Kellin,BNK FEARX,Lulu,1586,0,0,4,6,7,22,0,0,0,0,0,0,0,1,0.2648,1.0971
LOLTMNT02_268539,2025,Rounds 1-2,0,2025-05-16T08:07:23Z,1,15.09,Red,top,Clear,BNK FEARX,Rumble,1946,0,1,5,2,7,24,0,0,0,0,1,1,0,0,0.2158,0.9558
LOLTMNT02_268539,2025,Rounds 1-2,0,2025-05-16T08:07:23Z,1,15.09,Red,jng,Raptor,BNK FEARX,Wukong,1946,0,0,5,3,7,24,0,0,0,0,1,0,1,0,0.2158,0.9558
LOLTMNT02_268539,2025,Rounds 1-2,0,2025-05-16T08:07:23Z,1,15.09,Red,mid,VicLa,BNK FEARX,Taliyah,1946,0,1,4,4,7,24,0,0,0,0,1,0,1,0,0.2158,0.9558
LOLTMNT02_268539,2025,Rounds 1-2,0,2025-05-16T08:07:23Z,1,15.09,Red,bot,Diable,BNK FEARX,Ezreal,1946,0,5,4,1,7,24,1,1,1,0,1,0,1,0,0.2158,0.9558
LOLTMNT02_268539,2025,Rounds 1-2,0,2025-05-16T08:07:23Z,1,15.09,Red,sup,Kellin,BNK FEARX,Neeko,1946,0,0,6,5,7,24,0,0,0,0,1,0,1,0,0.2158,0.9558
LOLTMNT02_267792,2025,Rounds 1-2,0,2025-05-16T09:02:03Z,2,15.09,Blue,top,Clear,BNK FEARX,Gwen,1671,0,0,3,0,5,28,0,0,0,0,0,0,0,0,0.1795,1.1849
LOLTMNT02_267792,2025,Rounds 1-2,0,2025-05-16T09:02:03Z,2,15.09,Blue,jng,Raptor,BNK FEARX,Skarner,1671,0,0,8,3,5,28,0,0,0,0,0,0,0,0,0.1795,1.1849
LOLTMNT02_267792,2025,Rounds 1-2,0,2025-05-16T09:02:03Z,2,15.09,Blue,mid,VicLa,BNK FEARX,Ryze,1671,0,2,6,2,5,28,1,0,0,0,1,1,0,0,0.1795,1.1849
LOLTMNT02_267792,2025,Rounds 1-2,0,2025-05-16T09:02:03Z,2,15.09,Blue,bot,Diable,BNK FEARX,Xayah,1671,0,3,5,2,5,28,0,0,0,0,1,0,1,0,0.1795,1.1849
LOLTMNT02_267792,2025,Rounds 1-2,0,2025-05-16T09:02:03Z,2,15.09,Blue,sup,Kellin,BNK FEARX,Nautilus,1671,0,0,6,5,5,28,0,0,0,0,1,0,1,0,0.1795,1.1849
LOLTMNT03_241674,2025,Rounds 1-2,0,2025-05-22T10:12:41Z,1,15.1,Red,top,Soboro,BNK FEARX,Olaf,1697,0,5,5,3,11,21,1,0,0,0,1,1,0,0,0.3889,1.1314
LOLTMNT03_241674,2025,Rounds 1-2,0,2025-05-22T10:12:41Z,1,15.1,Red,jng,Raptor,BNK FEARX,Xin Zhao,1697,0,1,5,4,11,21,0,0,0,0,0,0,0,0,0.3889,1.1314
LOLTMNT03_241674,2025,Rounds 1-2,0,2025-05-22T10:12:41Z,1,15.1,Red,mid,VicLa,BNK FEARX,Annie,1697,0,2,6,7,11,21,0,0,0,0,1,0,1,0,0.3889,1.1314
LOLTMNT03_241674,2025,Rounds 1-2,0,2025-05-22T10:12:41Z,1,15.1,Red,bot,Diable,BNK FEARX,Ezreal,1697,0,2,1,4,11,21,0,0,0,0,0,0,0,0,0.3889,1.1314
LOLTMNT03_241674,2025,Rounds 1-2,0,2025-05-22T10:12:41Z,1,15.1,Red,sup,Kellin,BNK FEARX,Neeko,1697,0,1,4,7,11,21,0,0,0,0,0,0,0,0,0.3889,1.1314
LOLTMNT03_242254,2025,Rounds 1-2,0,2025-05-22T11:01:39Z,2,15.1,Blue,top,Soboro,BNK FEARX,Jayce,2027,0,1,5,2,6,18,0,0,0,0,0,0,0,0,0.1776,0.7104
LOLTMNT03_242254,2025,Rounds 1-2,0,2025-05-22T11:01:39Z,2,15.1,Blue,jng,Raptor,BNK FEARX,Poppy,2027,0,3,4,1,6,18,0,0,0,0,0,0,0,1,0.1776,0.7104
LOLTMNT03_242254,2025,Rounds 1-2,0,2025-05-22T11:01:39Z,2,15.1,Blue,mid,VicLa,BNK FEARX,Azir,2027,0,0,3,3,6,18,0,0,0,0,0,0,0,0,0.1776,0.7104
LOLTMNT03_242254,2025,Rounds 1-2,0,2025-05-22T11:01:39Z,2,15.1,Blue,bot,Diable,BNK FEARX,Lucian,2027,0,2,4,1,6,18,0,0,0,0,0,0,0,0,0.1776,0.7104
LOLTMNT03_242254,2025,Rounds 1-2,0,2025-05-22T11:01:39Z,2,15.1,Blue,sup,Kellin,BNK FEARX,Braum,2027,0,0,2,3,6,18,0,0,0,0,0,0,0,0,0.1776,0.7104
LOLTMNT03_244928,2025,Rounds 1-2,0,2025-05-25T09:10:27Z,1,15.1,Blue,top,Soboro,BNK FEARX,Rumble,1768,1,4,0,5,17,3,1,0,0,0,0,0,0,0,0.5769,0.6787
LOLTMNT03_244928,2025,Rounds 1-2,0,2025-05-25T09:10:27Z,1,15.1,Blue,jng,Raptor,BNK FEARX,Naafiri,1768,1,5,0,8,17,3,1,0,0,0,0,0,0,0,0.5769,0.6787
LOLTMNT03_244928,2025,Rounds 1-2,0,2025-05-25T09:10:27Z,1,15.1,Blue,mid,Daystar,BNK FEARX,Ahri,1768,1,3,0,10,17,3,0,0,0,0,0,0,0,0,0.5769,0.6787
LOLTMNT03_244928,2025,Rounds 1-2,0,2025-05-25T09:10:27Z,1,15.1,Blue,bot,Diable,BNK FEARX,Varus,1768,1,3,0,13,17,3,0,0,0,0,1,0,1,0,0.5769,0.6787
LOLTMNT03_244928,2025,Rounds 1-2,0,2025-05-25T09:10:27Z,1,15.1,Blue,sup,Kellin,BNK FEARX,Nautilus,1768,1,2,3,10,17,3,0,0,0,0,1,1,0,0,0.5769,0.6787
LOLTMNT03_244951,2025,Rounds 1-2,0,2025-05-25T10:01:46Z,2,15.1,Red,top,Soboro,BNK FEARX,Yorick,2149,0,4,4,4,18,21,0,0,0,0,0,0,0,0,0.5026,1.0889
LOLTMNT03_244951,2025,Rounds 1-2,0,2025-05-25T10:01:46Z,2,15.1,Red,jng,Raptor,BNK FEARX,Xin Zhao,2149,0,2,6,11,18,21,0,0,0,0,0,0,0,0,0.5026,1.0889
LOLTMNT03_244951,2025,Rounds 1-2,0,2025-05-25T10:01:46Z,2,15.1,Red,mid,Daystar,BNK FEARX,Akali,2149,0,5,0,5,18,21,1,0,0,0,0,0,0,0,0.5026,1.0889
LOLTMNT03_244951,2025,Rounds 1-2,0,2025-05-25T10:01:46Z,2,15.1,Red,bot,Diable,BNK FEARX,Kai'Sa,2149,0,4,3,10,18,21,1,0,0,0,0,0,0,0,0.5026,1.0889
LOLTMNT03_244951,2025,Rounds 1-2,0,2025-05-25T10:01:46Z,2,15.1,Red,sup,Kellin,BNK FEARX,Leona,2149,0,3,8,11,18,21,0,0,0,0,0,0,0,1,0.5026,1.0889
LOLTMNT03_244968,2025,Rounds 1-2,0,2025-05-25T11:00:15Z,3,15.1,Blue,top,Soboro,BNK FEARX,K'Sante,1625,0,0,4,4,8,21,0,0,0,0,1,0,1,0,0.2954,1.0708
LOLTMNT03_244968,2025,Rounds 1-2,0,2025-05-25T11:00:15Z,3,15.1,Blue,jng,Raptor,BNK FEARX,Pantheon,1625,0,2,5,3,8,21,0,0,0,0,0,0,0,0,0.2954,1.0708
LOLTMNT03_244968,2025,Rounds 1-2,0,2025-05-25T11:00:15Z,3,15.1,Blue,mid,Daystar,BNK FEARX,Taliyah,1625,0,2,4,5,8,21,0,0,0,0,1,0,1,0,0.2954,1.0708
LOLTMNT03_244968,2025,Rounds 1-2,0,2025-05-25T11:00:15Z,3,15.1,Blue,bot,Diable,BNK FEARX,Lucian,1625,0,4,3,3,8,21,1,0,0,0,1,1,0,0,0.2954,1.0708
LOLTMNT03_244968,2025,Rounds 1-2,0,2025-05-25T11:00:15Z,3,15.1,Blue,sup,Kellin,BNK FEARX,Braum,1625,0,0,5,7,8,21,0,0,0,0,1,0,1,0,0.2954,1.0708
LOLTMNT03_248140,2025,Rounds 1-2,0,2025-05-28T08:03:32Z,1,15.1,Blue,top,Soboro,BNK FEARX,Rumble,2100,1,3,2,9,21,9,0,0,0,0,1,1,0,0,0.6,0.8571
LOLTMNT03_248140,2025,Rounds 1-2,0,2025-05-28T08:03:32Z,1,15.1,Blue,jng,Raptor,BNK FEARX,Xin Zhao,2100,1,5,1,13,21,9,1,0,0,0,1,0,1,0,0.6,0.8571
LOLTMNT03_248140,2025,Rounds 1-2,0,2025-05-28T08:03:32Z,1,15.1,Blue,mid,Daystar,BNK FEARX,Ahri,2100,1,1,2,11,21,9,0,0,0,0,0,0,0,0,0.6,0.8571
LOLTMNT03_248140,2025,Rounds 1-2,0,2025-05-28T08:03:32Z,1,15.1,Blue,bot,Diable,BNK FEARX,Kai'Sa,2100,1,11,3,6,21,9,3,1,0,0,0,0,0,0,0.6,0.8571
LOLTMNT03_248140,2025,Rounds 1-2,0,2025-05-28T08:03:32Z,1,15.1,Blue,sup,Kellin,BNK FEARX,Alistar,2100,1,1,1,14,21,9,0,0,0,0,0,0,0,0,0.6,0.8571
LOLTMNT03_248153,2025,Rounds 1-2,0,2025-05-28T09:00:47Z,2,15.1,Red,top,Soboro,BNK FEARX,Yorick,1719,0,0,5,1,7,20,0,0,0,0,0,0,0,0,0.2443,0.9424
LOLTMNT03_248153,2025,Rounds 1-2,0,2025-05-28T09:00:47Z,2,15.1,Red,jng,Raptor,BNK FEARX,Wukong,1719,0,3,4,4,7,20,0,0,0,0,1,1,0,0,0.2443,0.9424
LOLTMNT03_248153,2025,Rounds 1-2,0,2025-05-28T09:00:47Z,2,15.1,Red,mid,Daystar,BNK FEARX,Ryze,1719,0,1,5,5,7,20,0,0,0,0,0,0,0,0,0.2443,0.9424
LOLTMNT03_248153,2025,Rounds 1-2,0,2025-05-28T09:00:47Z,2,15.1,Red,bot,Diable,BNK FEARX,Jhin,1719,0,3,1,2,7,20,0,0,0,0,1,0,1,0,0.2443,0.9424
LOLTMNT03_248153,2025,Rounds 1-2,0,2025-05-28T09:00:47Z,2,15.1,Red,sup,Kellin,BNK FEARX,Rakan,1719,0,0,5,5,7,20,0,0,0,0,1,0,1,0,0.2443,0.9424
LOLTMNT03_247772,2025,Rounds 1-2,0,2025-05-28T09:51:09Z,3,15.1,Blue,top,Soboro,BNK FEARX,K'Sante,1826,1,8,3,12,25,13,2,0,0,0,0,0,0,0,0.8215,1.2486
LOLTMNT03_247772,2025,Rounds 1-2,0,2025-05-28T09:51:09Z,3,15.1,Blue,jng,Raptor,BNK FEARX,Naafiri,1826,1,3,1,17,25,13,0,0,0,0,1,0,1,0,0.8215,1.2486
LOLTMNT03_247772,2025,Rounds 1-2,0,2025-05-28T09:51:09Z,3,15.1,Blue,mid,Daystar,BNK FEARX,Annie,1826,1,10,2,12,25,13,2,0,0,0,0,0,0,0,0.8215,1.2486
LOLTMNT03_247772,2025,Rounds 1-2,0,2025-05-28T09:51:09Z,3,15.1,Blue,bot,Diable,BNK FEARX,Varus,1826,1,4,3,14,25,13,1,0,0,0,1,1,0,0,0.8215,1.2486
LOLTMNT03_247772,2025,Rounds 1-2,0,2025-05-28T09:51:09Z,3,15.1,Blue,sup,Kellin,BNK FEARX,Rell,1826,1,0,4,22,25,13,0,0,0,0,1,0,1,0,0.8215,1.2486
LOLTMNT03_253707,2025,Rounds 1-2,0,2025-06-01T06:05:16Z,1,15.1,Red,top,Soboro,BNK FEARX,Ambessa,1619,0,5,2,3,13,19,0,0,0,0,1,1,0,0,0.4818,1.1859
LOLTMNT03_253707,2025,Rounds 1-2,0,2025-06-01T06:05:16Z,1,15.1,Red,jng,Raptor,BNK FEARX,Xin Zhao,1619,0,2,5,8,13,19,0,0,0,0,0,0,0,0,0.4818,1.1859
LOLTMNT03_253707,2025,Rounds 1-2,0,2025-06-01T06:05:16Z,1,15.1,Red,mid,Daystar,BNK FEARX,Ahri,1619,0,2,4,7,13,19,0,0,0,0,0,0,0,0,0.4818,1.1859
LOLTMNT03_253707,2025,Rounds 1-2,0,2025-06-01T06:05:16Z,1,15.1,Red,bot,Diable,BNK FEARX,Varus,1619,0,3,5,5,13,19,1,0,0,0,0,0,0,0,0.4818,1.1859
LOLTMNT03_253707,2025,Rounds 1-2,0,2025-06-01T06:05:16Z,1,15.1,Red,sup,Kellin,BNK FEARX,Renata Glasc,1619,0,1,3,11,13,19,0,0,0,0,0,0,0,0,0.4818,1.1859
LOLTMNT03_253709,2025,Rounds 1-2,0,2025-06-01T06:54:26Z,2,15.1,Blue,top,Soboro,BNK FEARX,Rumble,1617,0,0,6,4,8,28,0,0,0,0,1,0,1,0,0.2968,1.3358
LOLTMNT03_253709,2025,Rounds 1-2,0,2025-06-01T06:54:26Z,2,15.1,Blue,jng,Raptor,BNK FEARX,Wukong,1617,0,3,7,4,8,28,0,0,0,0,1,1,0,0,0.2968,1.3358
LOLTMNT03_253709,2025,Rounds 1-2,0,2025-06-01T06:54:26Z,2,15.1,Blue,mid,Daystar,BNK FEARX,Galio,1617,0,0,5,2,8,28,0,0,0,0,0,0,0,0,0.2968,1.3358
LOLTMNT03_253709,2025,Rounds 1-2,0,2025-06-01T06:54:26Z,2,15.1,Blue,bot,Diable,BNK FEARX,Kai'Sa,1617,0,2,4,4,8,28,0,0,0,0,0,0,0,0,0.2968,1.3358
LOLTMNT03_253709,2025,Rounds 1-2,0,2025-06-01T06:54:26Z,2,15.1,Blue,sup,Kellin,BNK FEARX,Alistar,1617,0,3,6,3,8,28,0,0,0,0,0,0,0,0,0.2968,1.3358
LOLTMNT01_266226,2025,Rounds 3-5,0,2025-07-24T08:05:02Z,1,15.14,Red,top,Clear,BNK FEARX,Rumble,1798,1,3,1,4,11,7,1,0,0,0,0,0,0,0,0.3671,0.6007
LOLTMNT01_266226,2025,Rounds 3-5,0,2025-07-24T08:05:02Z,1,15.14,Red,jng,Raptor,BNK FEARX,Vi,1798,1,2,1,5,11,7,0,0,0,0,0,0,0,0,0.3671,0.6007
LOLTMNT01_266226,2025,Rounds 3-5,0,2025-07-24T08:05:02Z,1,15.14,Red,mid,VicLa,BNK FEARX,Taliyah,1798,1,1,2,4,11,7,0,0,0,0,0,0,0,1,0.3671,0.6007
LOLTMNT01_266226,2025,Rounds 3-5,0,2025-07-24T08:05:02Z,1,15.14,Red,bot,Diable,BNK FEARX,Kai'Sa,1798,1,4,2,4,11,7,1,0,0,0,0,0,0,0,0.3671,0.6007
LOLTMNT01_266226,2025,Rounds 3-5,0,2025-07-24T08:05:02Z,1,15.14,Red,sup,Kellin,BNK FEARX,Alistar,1798,1,1,1,8,11,7,0,0,0,0,0,0,0,0,0.3671,0.6007
LOLTMNT01_266234,2025,Rounds 3-5,0,2025-07-24T08:56:45Z,2,15.14,Red,top,Clear,BNK FEARX,Yorick,1720,1,3,0,4,16,13,0,0,0,0,0,0,0,0,0.5581,1.0116
LOLTMNT01_266234,2025,Rounds 3-5,0,2025-07-24T08:56:45Z,2,15.14,Red,jng,Raptor,BNK FEARX,Wukong,1720,1,6,2,8,16,13,1,0,0,0,1,1,0,0,0.5581,1.0116
LOLTMNT01_266234,2025,Rounds 3-5,0,2025-07-24T08:56:45Z,2,15.14,Red,mid,VicLa,BNK FEARX,Annie,1720,1,1,5,9,16,13,0,0,0,0,1,0,1,0,0.5581,1.0116
LOLTMNT01_266234,2025,Rounds 3-5,0,2025-07-24T08:56:45Z,2,15.14,Red,bot,Diable,BNK FEARX,Sivir,1720,1,4,1,10,16,13,0,0,0,0,0,0,0,0,0.5581,1.0116
LOLTMNT01_266234,2025,Rounds 3-5,0,2025-07-24T08:56:45Z,2,15.14,Red,sup,Kellin,BNK FEARX,Rell,1720,1,2,5,12,16,13,0,0,0,0,1,0,1,0,0.5581,1.0116
LOLTMNT01_268648,2025,Rounds 3-5,0,2025-07-26T06:07:12Z,1,15.14,Red,top,Clear,BNK FEARX,Ambessa,1966,0,0,4,2,9,19,0,0,0,0,0,0,0,0,0.2747,0.8545
LOLTMNT01_268648,2025,Rounds 3-5,0,2025-07-26T06:07:12Z,1,15.14,Red,jng,Raptor,BNK FEARX,Jarvan IV,1966,0,2,6,6,9,19,0,0,0,0,1,1,0,0,0.2747,0.8545
LOLTMNT01_268648,2025,Rounds 3-5,0,2025-07-26T06:07:12Z,1,15.14,Red,mid,VicLa,BNK FEARX,Taliyah,1966,0,4,1,3,9,19,0,0,0,0,0,0,0,0,0.2747,0.8545
LOLTMNT01_268648,2025,Rounds 3-5,0,2025-07-26T06:07:12Z,1,15.14,Red,bot,Diable,BNK FEARX,Lucian,1966,0,3,4,4,9,19,0,0,0,0,1,0,1,0,0.2747,0.8545
LOLTMNT01_268648,2025,Rounds 3-5,0,2025-07-26T06:07:12Z,1,15.14,Red,sup,Kellin,BNK FEARX,Braum,1966,0,0,4,8,9,19,0,0,0,0,1,0,1,0,0.2747,0.8545
LOLTMNT01_268653,2025,Rounds 3-5,0,2025-07-26T07:03:38Z,2,15.14,Blue,top,Clear,BNK FEARX,Gwen,2386,0,4,3,3,12,20,1,0,0,0,1,1,0,0,0.3018,0.8047
LOLTMNT01_268653,2025,Rounds 3-5,0,2025-07-26T07:03:38Z,2,15.14,Blue,jng,Raptor,BNK FEARX,Xin Zhao,2386,0,0,6,5,12,20,0,0,0,0,0,0,0,0,0.3018,0.8047
LOLTMNT01_268653,2025,Rounds 3-5,0,2025-07-26T07:03:38Z,2,15.14,Blue,mid,VicLa,BNK FEARX,Ahri,2386,0,4,2,4,12,20,0,0,0,0,0,0,0,0,0.3018,0.8047
LOLTMNT01_268653,2025,Rounds 3-5,0,2025-07-26T07:03:38Z,2,15.14,Blue,bot,Diable,BNK FEARX,Varus,2386,0,4,4,4,12,20,0,0,0,0,0,0,0,0,0.3018,0.8047
LOLTMNT01_268653,2025,Rounds 3-5,0,2025-07-26T07:03:38Z,2,15.14,Blue,sup,Kellin,BNK FEARX,Rakan,2386,0,0,5,8,12,20,0,0,0,0,1,0,1,0,0.3018,0.8047
LOLTMNT01_272461,2025,Rounds 3-5,0,2025-07-31T08:06:28Z,1,15.14,Blue,top,Clear,BNK FEARX,Rumble,2439,1,0,3,15,20,16,0,0,0,0,0,0,0,0,0.492,0.8856
LOLTMNT01_272461,2025,Rounds 3-5,0,2025-07-31T08:06:28Z,1,15.14,Blue,jng,Raptor,BNK FEARX,Wukong,2439,1,3,3,14,20,16,1,0,0,0,0,0,0,0,0.492,0.8856
LOLTMNT01_272461,2025,Rounds 3-5,0,2025-07-31T08:06:28Z,1,15.14,Blue,mid,VicLa,BNK FEARX,Azir,2439,1,9,1,9,20,16,3,1,0,0,0,0,0,0,0.492,0.8856
LOLTMNT01_272461,2025,Rounds 3-5,0,2025-07-31T08:06:28Z,1,15.14,Blue,bot,Diable,BNK FEARX,Sivir,2439,1,5,5,14,20,16,1,1,0,0,0,0,0,1,0.492,0.8856
LOLTMNT01_272461,2025,Rounds 3-5,0,2025-07-31T08:06:28Z,1,15.14,Blue,sup,Kellin,BNK FEARX,Braum,2439,1,3,4,16,20,16,0,0,0,0,0,0,0,0,0.492,0.8856
LOLTMNT01_272463,2025,Rounds 3-5,0,2025-07-31T09:09:20Z,2,15.14,Red,top,Clear,BNK FEARX,Renekton,1830,1,3,2,16,27,16,0,0,0,0,0,0,0,0,0.8852,1.4098
LOLTMNT01_272463,2025,Rounds 3-5,0,2025-07-31T09:09:20Z,2,15.14,Red,jng,Raptor,BNK FEARX,Nocturne,1830,1,9,2,11,27,16,1,0,0,0,1,1,0,0,0.8852,1.4098
LOLTMNT01_272463,2025,Rounds 3-5,0,2025-07-31T09:09:20Z,2,15.14,Red,mid,VicLa,BNK FEARX,Orianna,1830,1,5,4,20,27,16,0,0,0,0,1,0,1,0,0.8852,1.4098
LOLTMNT01_272463,2025,Rounds 3-5,0,2025-07-31T09:09:20Z,2,15.14,Red,bot,Diable,BNK FEARX,Kai'Sa,1830,1,10,5,11,27,16,3,0,0,0,0,0,0,0,0.8852,1.4098
LOLTMNT01_272463,2025,Rounds 3-5,0,2025-07-31T09:09:20Z,2,15.14,Red,sup,Kellin,BNK FEARX,Alistar,1830,1,0,3,21,27,16,0,0,0,0,0,0,0,0,0.8852,1.4098
LOLTMNT01_273361,2025,Rounds 3-5,0,2025-08-02T08:31:55Z,1,15.14,Blue,top,Clear,BNK FEARX,Aatrox,1980,1,5,2,6,24,20,0,0,0,0,0,0,0,0,0.7273,1.3333
LOLTMNT01_273361,2025,Rounds 3-5,0,2025-08-02T08:31:55Z,1,15.14,Blue,jng,Raptor,BNK FEARX,Nocturne,1980,1,3,3,12,24,20,0,0,0,0,0,0,0,0,0.7273,1.3333
LOLTMNT01_273361,2025,Rounds 3-5,0,2025-08-02T08:31:55Z,1,15.14,Blue,mid,VicLa,BNK FEARX,Orianna,1980,1,8,3,14,24,20,1,0,0,0,0,0,0,0,0.7273,1.3333
LOLTMNT01_273361,2025,Rounds 3-5,0,2025-08-02T08:31:55Z,1,15.14,Blue,bot,Diable,BNK FEARX,Varus,1980,1,6,6,12,24,20,1,0,0,0,0,0,0,1,0.7273,1.3333
LOLTMNT01_273361,2025,Rounds 3-5,0,2025-08-02T08:31:55Z,1,15.14,Blue,sup,Kellin,BNK FEARX,Rell,1980,1,2,6,14,24,20,0,0,0,0,0,0,0,0,0.7273,1.3333
LOLTMNT01_273365,2025,Rounds 3-5,0,2025-08-02T09:27:00Z,2,15.14,Red,top,Clear,BNK FEARX,K'Sante,2097,0,3,5,10,21,28,0,0,0,0,0,0,0,0,0.6009,1.402
LOLTMNT01_273365,2025,Rounds 3-5,0,2025-08-02T09:27:00Z,2,15.14,Red,jng,Raptor,BNK FEARX,Vi,2097,0,4,6,10,21,28,0,0,0,0,0,0,0,0,0.6009,1.402
LOLTMNT01_273365,2025,Rounds 3-5,0,2025-08-02T09:27:00Z,2,15.14,Red,mid,VicLa,BNK FEARX,Ryze,2097,0,3,2,11,21,28,0,0,0,0,0,0,0,0,0.6009,1.402
LOLTMNT01_273365,2025,Rounds 3-5,0,2025-08-02T09:27:00Z,2,15.14,Red,bot,Diable,BNK FEARX,Corki,2097,0,11,6,7,21,28,3,1,0,0,0,0,0,0,0.6009,1.402
LOLTMNT01_273365,2025,Rounds 3-5,0,2025-08-02T09:27:00Z,2,15.14,Red,sup,Kellin,BNK FEARX,Neeko,2097,0,0,9,15,21,28,0,0,0,0,0,0,0,1,0.6009,1.402
LOLTMNT01_273370,2025,Rounds 3-5,0,2025-08-02T10:24:29Z,3,15.14,Blue,top,Clear,BNK FEARX,Gwen,1683,0,3,3,0,9,17,1,0,0,0,0,0,0,0,0.3209,0.9269
LOLTMNT01_273370,2025,Rounds 3-5,0,2025-08-02T10:24:29Z,3,15.14,Blue,jng,Raptor,BNK FEARX,Naafiri,1683,0,3,4,5,9,17,0,0,0,0,1,1,0,0,0.3209,0.9269
LOLTMNT01_273370,2025,Rounds 3-5,0,2025-08-02T10:24:29Z,3,15.14,Blue,mid,VicLa,BNK FEARX,Galio,1683,0,0,4,8,9,17,0,0,0,0,0,0,0,0,0.3209,0.9269
LOLTMNT01_273370,2025,Rounds 3-5,0,2025-08-02T10:24:29Z,3,15.14,Blue,bot,Diable,BNK FEARX,Sivir,1683,0,3,2,5,9,17,0,0,0,0,1,0,1,0,0.3209,0.9269
LOLTMNT01_273370,2025,Rounds 3-5,0,2025-08-02T10:24:29Z,3,15.14,Blue,sup,Kellin,BNK FEARX,Leona,1683,0,0,4,9,9,17,0,0,0,0,1,0,1,0,0.3209,0.9269
LOLTMNT02_295398,2025,Rounds 3-5,0,2025-08-06T10:22:21Z,1,15.15,Red,top,Clear,BNK FEARX,Rumble,1917,1,1,1,10,15,8,0,0,0,0,0,0,0,0,0.4695,0.7199
LOLTMNT02_295398,2025,Rounds 3-5,0,2025-08-06T10:22:21Z,1,15.15,Red,jng,Raptor,BNK FEARX,Wukong,1917,1,3,2,10,15,8,1,0,0,0,0,0,0,0,0.4695,0.7199
LOLTMNT02_295398,2025,Rounds 3-5,0,2025-08-06T10:22:21Z,1,15.15,Red,mid,VicLa,BNK FEARX,Taliyah,1917,1,4,3,9,15,8,1,0,0,0,0,0,0,1,0.4695,0.7199
LOLTMNT02_295398,2025,Rounds 3-5,0,2025-08-06T10:22:21Z,1,15.15,Red,bot,Diable,BNK FEARX,Yunara,1917,1,5,1,7,15,8,1,0,0,0,0,0,0,0,0.4695,0.7199
LOLTMNT02_295398,2025,Rounds 3-5,0,2025-08-06T10:22:21Z,1,15.15,Red,sup,Kellin,BNK FEARX,Rakan,1917,1,2,1,13,15,8,1,0,0,0,0,0,0,0,0.4695,0.7199
LOLTMNT02_294485,2025,Rounds 3-5,0,2025-08-06T11:18:00Z,2,15.15,Red,top,Clear,BNK FEARX,Ambessa,2433,1,2,4,5,21,15,0,0,0,0,0,0,0,0,0.5179,0.8878
LOLTMNT02_294485,2025,Rounds 3-5,0,2025-08-06T11:18:00Z,2,15.15,Red,jng,Raptor,BNK FEARX,Xin Zhao,2433,1,4,3,15,21,15,0,0,0,0,0,0,0,0,0.5179,0.8878
LOLTMNT02_294485,2025,Rounds 3-5,0,2025-08-06T11:18:00Z,2,15.15,Red,mid,VicLa,BNK FEARX,Orianna,2433,1,2,3,13,21,15,0,0,0,0,0,0,0,0,0.5179,0.8878
LOLTMNT02_294485,2025,Rounds 3-5,0,2025-08-06T11:18:00Z,2,15.15,Red,bot,Diable,BNK FEARX,Jhin,2433,1,8,1,7,21,15,1,0,0,0,1,1,0,0,0.5179,0.8878
LOLTMNT02_294485,2025,Rounds 3-5,0,2025-08-06T11:18:00Z,2,15.15,Red,sup,Kellin,BNK FEARX,Bard,2433,1,5,4,14,21,15,0,0,0,0,1,0,1,0,0.5179,0.8878
LOLTMNT02_296408,2025,Rounds 3-5,0,2025-08-08T08:08:25Z,1,15.15,Blue,top,Clear,BNK FEARX,Gwen,2119,1,7,5,6,21,12,0,0,0,0,0,0,0,0,0.5946,0.9344
LOLTMNT02_296408,2025,Rounds 3-5,0,2025-08-08T08:08:25Z,1,15.15,Blue,jng,Raptor,BNK FEARX,Xin Zhao,2119,1,7,2,10,21,12,0,0,0,0,1,1,0,0,0.5946,0.9344
LOLTMNT02_296408,2025,Rounds 3-5,0,2025-08-08T08:08:25Z,1,15.15,Blue,mid,VicLa,BNK FEARX,Azir,2119,1,2,2,9,21,12,0,0,0,0,0,0,0,0,0.5946,0.9344
LOLTMNT02_296408,2025,Rounds 3-5,0,2025-08-08T08:08:25Z,1,15.15,Blue,bot,Diable,BNK FEARX,Lucian,2119,1,5,1,7,21,12,1,0,0,0,1,0,1,0,0.5946,0.9344
LOLTMNT02_296408,2025,Rounds 3-5,0,2025-08-08T08:08:25Z,1,15.15,Blue,sup,Kellin,BNK FEARX,Braum,2119,1,0,2,14,21,12,0,0,0,0,1,0,1,0,0.5946,0.9344
LOLTMNT02_296421,2025,Rounds 3-5,0,2025-08-08T09:07:31Z,2,15.15,Red,top,Clear,BNK FEARX,Renekton,1950,1,2,1,8,16,8,0,0,0,0,0,0,0,0,0.4923,0.7385
LOLTMNT02_296421,2025,Rounds 3-5,0,2025-08-08T09:07:31Z,2,15.15,Red,jng,Raptor,BNK FEARX,Trundle,1950,1,1,1,13,16,8,0,0,0,0,0,0,0,0,0.4923,0.7385
LOLTMNT02_296421,2025,Rounds 3-5,0,2025-08-08T09:07:31Z,2,15.15,Red,mid,VicLa,BNK FEARX,Ahri,1950,1,6,3,6,16,8,1,0,0,0,0,0,0,1,0.4923,0.7385
LOLTMNT02_296421,2025,Rounds 3-5,0,2025-08-08T09:07:31Z,2,15.15,Red,bot,Diable,BNK FEARX,Kai'Sa,1950,1,7,1,8,16,8,1,0,0,0,0,0,0,0,0.4923,0.7385
LOLTMNT02_296421,2025,Rounds 3-5,0,2025-08-08T09:07:31Z,2,15.15,Red,sup,Kellin,BNK FEARX,Rell,1950,1,0,2,11,16,8,0,0,0,0,0,0,0,0,0.4923,0.7385
LOLTMNT02_301649,2025,Rounds 3-5,0,2025-08-13T10:08:55Z,1,15.15,Blue,top,Clear,BNK FEARX,Gwen,2151,1,3,2,7,17,11,0,0,0,0,0,0,0,0,0.4742,0.781
LOLTMNT02_301649,2025,Rounds 3-5,0,2025-08-13T10:08:55Z,1,15.15,Blue,jng,Raptor,BNK FEARX,Wukong,2151,1,1,4,11,17,11,0,0,0,0,0,0,0,0,0.4742,0.781
LOLTMNT02_301649,2025,Rounds 3-5,0,2025-08-13T10:08:55Z,1,15.15,Blue,mid,VicLa,BNK FEARX,Annie,2151,1,4,1,9,17,11,2,0,0,0,0,0,0,0,0.4742,0.781
LOLTMNT02_301649,2025,Rounds 3-5,0,2025-08-13T10:08:55Z,1,15.15,Blue,bot,Diable,BNK FEARX,Zeri,2151,1,9,2,5,17,11,2,1,0,0,0,0,0,0,0.4742,0.781
LOLTMNT02_301649,2025,Rounds 3-5,0,2025-08-13T10:08:55Z,1,15.15,Blue,sup,Kellin,BNK FEARX,Lulu,2151,1,0,2,17,17,11,0,0,0,0,0,0,0,1,0.4742,0.781
LOLTMNT02_301669,2025,Rounds 3-5,0,2025-08-13T11:06:30Z,2,15.15,Red,top,Clear,BNK FEARX,Aatrox,1702,0,1,4,1,8,24,0,0,0,0,0,0,0,0,0.282,1.1281
LOLTMNT02_301669,2025,Rounds 3-5,0,2025-08-13T11:06:30Z,2,15.15,Red,jng,Raptor,BNK FEARX,Nocturne,1702,0,3,6,3,8,24,0,0,0,0,0,0,0,0,0.282,1.1281
LOLTMNT02_301669,2025,Rounds 3-5,0,2025-08-13T11:06:30Z,2,15.15,Red,mid,VicLa,BNK FEARX,Ryze,1702,0,1,4,4,8,24,0,0,0,0,0,0,0,0,0.282,1.1281
LOLTMNT02_301669,2025,Rounds 3-5,0,2025-08-13T11:06:30Z,2,15.15,Red,bot,Diable,BNK FEARX,Kai'Sa,1702,0,2,3,5,8,24,0,0,0,0,0,0,0,1,0.282,1.1281
LOLTMNT02_301669,2025,Rounds 3-5,0,2025-08-13T11:06:30Z,2,15.15,Red,sup,Kellin,BNK FEARX,Rakan,1702,0,1,7,6,8,24,0,0,0,0,0,0,0,0,0.282,1.1281
LOLTMNT02_301689,2025,Rounds 3-5,0,2025-08-13T11:56:13Z,3,15.15,Blue,top,Clear,BNK FEARX,Sion,1600,1,2,2,5,25,7,0,0,0,0,1,1,0,0,0.9375,1.2
LOLTMNT02_301689,2025,Rounds 3-5,0,2025-08-13T11:56:13Z,3,15.15,Blue,jng,Raptor,BNK FEARX,Lee Sin,1600,1,6,1,14,25,7,1,0,0,0,0,0,0,0,0.9375,1.2
LOLTMNT02_301689,2025,Rounds 3-5,0,2025-08-13T11:56:13Z,3,15.15,Blue,mid,VicLa,BNK FEARX,Azir,1600,1,7,3,6,25,7,1,0,0,0,0,0,0,0,0.9375,1.2
LOLTMNT02_301689,2025,Rounds 3-5,0,2025-08-13T11:56:13Z,3,15.15,Blue,bot,Diable,BNK FEARX,Jhin,1600,1,10,0,11,25,7,1,0,0,0,0,0,0,0,0.9375,1.2
LOLTMNT02_301689,2025,Rounds 3-5,0,2025-08-13T11:56:13Z,3,15.15,Blue,sup,Kellin,BNK FEARX,Alistar,1600,1,0,1,21,25,7,0,0,0,0,0,0,0,0,0.9375,1.2
LOLTMNT02_303157,2025,Rounds 3-5,0,2025-08-16T09:05:30Z,1,15.15,Red,top,Clear,BNK FEARX,Gwen,1861,0,2,6,0,10,23,0,0,0,0,0,0,0,0,0.3224,1.0639
LOLTMNT02_303157,2025,Rounds 3-5,0,2025-08-16T09:05:30Z,1,15.15,Red,jng,Raptor,BNK FEARX,Xin Zhao,1861,0,2,3,8,10,23,0,0,0,0,1,0,1,0,0.3224,1.0639
LOLTMNT02_303157,2025,Rounds 3-5,0,2025-08-16T09:05:30Z,1,15.15,Red,mid,VicLa,BNK FEARX,Galio,1861,0,0,6,3,10,23,0,0,0,0,0,0,0,0,0.3224,1.0639
LOLTMNT02_303157,2025,Rounds 3-5,0,2025-08-16T09:05:30Z,1,15.15,Red,bot,Diable,BNK FEARX,Lucian,1861,0,5,3,3,10,23,2,0,0,0,1,1,0,0,0.3224,1.0639
LOLTMNT02_303157,2025,Rounds 3-5,0,2025-08-16T09:05:30Z,1,15.15,Red,sup,Kellin,BNK FEARX,Braum,1861,0,1,5,7,10,23,0,0,0,0,1,0,1,0,0.3224,1.0639
LOLTMNT02_303158,2025,Rounds 3-5,0,2025-08-16T09:58:29Z,2,15.15,Blue,top,Clear,BNK FEARX,Rumble,1778,1,7,4,10,30,12,1,0,0,0,0,0,0,0,1.0124,1.4173
LOLTMNT02_303158,2025,Rounds 3-5,0,2025-08-16T09:58:29Z,2,15.15,Blue,jng,Raptor,BNK FEARX,Jarvan IV,1778,1,7,1,14,30,12,1,0,0,0,0,0,0,0,1.0124,1.4173
LOLTMNT02_303158,2025,Rounds 3-5,0,2025-08-16T09:58:29Z,2,15.15,Blue,mid,VicLa,BNK FEARX,Taliyah,1778,1,6,2,16,30,12,0,0,0,0,0,0,0,1,1.0124,1.4173
LOLTMNT02_303158,2025,Rounds 3-5,0,2025-08-16T09:58:29Z,2,15.15,Blue,bot,Diable,BNK FEARX,Jhin,1778,1,10,0,9,30,12,2,0,0,0,0,0,0,0,1.0124,1.4173
LOLTMNT02_303158,2025,Rounds 3-5,0,2025-08-16T09:58:29Z,2,15.15,Blue,sup,Kellin,BNK FEARX,Rell,1778,1,0,5,22,30,12,0,0,0,0,0,0,0,0,1.0124,1.4173
LOLTMNT02_302398,2025,Rounds 3-5,0,2025-08-16T10:51:13Z,3,15.15,Red,top,Clear,BNK FEARX,Sion,1800,0,1,3,1,3,22,0,0,0,0,0,0,0,0,0.1,0.8333
LOLTMNT02_302398,2025,Rounds 3-5,0,2025-08-16T10:51:13Z,3,15.15,Red,jng,Raptor,BNK FEARX,Vi,1800,0,1,5,0,3,22,0,0,0,0,0,0,0,0,0.1,0.8333
LOLTMNT02_302398,2025,Rounds 3-5,0,2025-08-16T10:51:13Z,3,15.15,Red,mid,VicLa,BNK FEARX,Cassiopeia,1800,0,1,5,2,3,22,0,0,0,0,0,0,0,0,0.1,0.8333
LOLTMNT02_302398,2025,Rounds 3-5,0,2025-08-16T10:51:13Z,3,15.15,Red,bot,Diable,BNK FEARX,Zeri,1800,0,0,6,2,3,22,0,0,0,0,0,0,0,1,0.1,0.8333
LOLTMNT02_302398,2025,Rounds 3-5,0,2025-08-16T10:51:13Z,3,15.15,Red,sup,Kellin,BNK FEARX,Karma,1800,0,0,3,1,3,22,0,0,0,0,0,0,0,0,0.1,0.8333
LOLTMNT03_284666,2025,Rounds 3-5,0,2025-08-21T11:27:46Z,1,15.16,Red,top,Clear,BNK FEARX,Rumble,1761,1,5,1,15,23,9,0,0,0,0,1,1,0,0,0.7836,1.0903
LOLTMNT03_284666,2025,Rounds 3-5,0,2025-08-21T11:27:46Z,1,15.16,Red,jng,Raptor,BNK FEARX,Xin Zhao,1761,1,1,2,14,23,9,0,0,0,0,1,0,1,0,0.7836,1.0903
LOLTMNT03_284666,2025,Rounds 3-5,0,2025-08-21T11:27:46Z,1,15.16,Red,mid,VicLa,BNK FEARX,Taliyah,1761,1,4,2,13,23,9,0,0,0,0,0,0,0,0,0.7836,1.0903
LOLTMNT03_284666,2025,Rounds 3-5,0,2025-08-21T11:27:46Z,1,15.16,Red,bot,Diable,BNK FEARX,Kai'Sa,1761,1,12,2,6,23,9,4,2,0,0,0,0,0,0,0.7836,1.0903
LOLTMNT03_284666,2025,Rounds 3-5,0,2025-08-21T11:27:46Z,1,15.16,Red,sup,Kellin,BNK FEARX,Rakan,1761,1,1,2,20,23,9,0,0,0,0,0,0,0,0,0.7836,1.0903
LOLTMNT03_284695,2025,Rounds 3-5,0,2025-08-21T12:18:34Z,2,15.16,Red,top,Clear,BNK FEARX,Renekton,1807,0,1,7,4,12,22,0,0,0,0,1,1,0,0,0.3985,1.1289
LOLTMNT03_284695,2025,Rounds 3-5,0,2025-08-21T12:18:34Z,2,15.16,Red,jng,Raptor,BNK FEARX,Vi,1807,0,3,2,9,12,22,0,0,0,0,1,0,1,0,0.3985,1.1289
LOLTMNT03_284695,2025,Rounds 3-5,0,2025-08-21T12:18:34Z,2,15.16,Red,mid,VicLa,BNK FEARX,Viktor,1807,0,6,2,3,12,22,1,1,0,0,0,0,0,0,0.3985,1.1289
LOLTMNT03_284695,2025,Rounds 3-5,0,2025-08-21T12:18:34Z,2,15.16,Red,bot,Diable,BNK FEARX,Jhin,1807,0,2,4,4,12,22,0,0,0,0,0,0,0,0,0.3985,1.1289
LOLTMNT03_284695,2025,Rounds 3-5,0,2025-08-21T12:18:34Z,2,15.16,Red,sup,Kellin,BNK FEARX,Alistar,1807,0,0,7,8,12,22,0,0,0,0,0,0,0,0,0.3985,1.1289
LOLTMNT03_284713,2025,Rounds 3-5,0,2025-08-21T13:09:59Z,3,15.16,Blue,top,Clear,BNK FEARX,K'Sante,1704,1,1,0,6,17,9,0,0,0,0,0,0,0,0,0.5986,0.9155
LOLTMNT03_284713,2025,Rounds 3-5,0,2025-08-21T13:09:59Z,3,15.16,Blue,jng,Raptor,BNK FEARX,Jarvan IV,1704,1,2,3,14,17,9,0,0,0,0,0,0,0,0,0.5986,0.9155
LOLTMNT03_284713,2025,Rounds 3-5,0,2025-08-21T13:09:59Z,3,15.16,Blue,mid,VicLa,BNK FEARX,Azir,1704,1,3,3,5,17,9,0,0,0,0,0,0,0,1,0.5986,0.9155
LOLTMNT03_284713,2025,Rounds 3-5,0,2025-08-21T13:09:59Z,3,15.16,Blue,bot,Diable,BNK FEARX,Kalista,1704,1,10,2,3,17,9,2,1,0,0,0,0,0,0,0.5986,0.9155
LOLTMNT03_284713,2025,Rounds 3-5,0,2025-08-21T13:09:59Z,3,15.16,Blue,sup,Kellin,BNK FEARX,Renata Glasc,1704,1,1,1,13,17,9,0,0,0,0,0,0,0,0,0.5986,0.9155
LOLTMNT03_288407,2025,Rounds 3-5,0,2025-08-24T06:06:54Z,1,15.16,Blue,top,Clear,BNK FEARX,Rumble,2158,0,4,7,15,22,31,0,0,0,0,0,0,0,0,0.6117,1.4736
LOLTMNT03_288407,2025,Rounds 3-5,0,2025-08-24T06:06:54Z,1,15.16,Blue,jng,Raptor,BNK FEARX,Pantheon,2158,0,10,9,4,22,31,0,0,0,0,0,0,0,1,0.6117,1.4736
LOLTMNT03_288407,2025,Rounds 3-5,0,2025-08-24T06:06:54Z,1,15.16,Blue,mid,VicLa,BNK FEARX,Galio,2158,0,2,6,11,22,31,0,0,0,0,0,0,0,0,0.6117,1.4736
LOLTMNT03_288407,2025,Rounds 3-5,0,2025-08-24T06:06:54Z,1,15.16,Blue,bot,Diable,BNK FEARX,Varus,2158,0,6,1,8,22,31,1,0,0,0,0,0,0,0,0.6117,1.4736
LOLTMNT03_288407,2025,Rounds 3-5,0,2025-08-24T06:06:54Z,1,15.16,Blue,sup,Kellin,BNK FEARX,Alistar,2158,0,0,8,16,22,31,0,0,0,0,0,0,0,0,0.6117,1.4736
LOLTMNT03_288421,2025,Rounds 3-5,0,2025-08-24T07:06:53Z,2,15.16,Blue,top,Clear,BNK FEARX,K'Sante,2151,0,6,5,5,17,27,0,0,0,0,0,0,0,0,0.4742,1.2273
LOLTMNT03_288421,2025,Rounds 3-5,0,2025-08-24T07:06:53Z,2,15.16,Blue,jng,Raptor,BNK FEARX,Nocturne,2151,0,2,4,12,17,27,0,0,0,0,0,0,0,0,0.4742,1.2273
LOLTMNT03_288421,2025,Rounds 3-5,0,2025-08-24T07:06:53Z,2,15.16,Blue,mid,VicLa,BNK FEARX,Taliyah,2151,0,2,7,9,17,27,1,0,0,0,0,0,0,1,0.4742,1.2273
LOLTMNT03_288421,2025,Rounds 3-5,0,2025-08-24T07:06:53Z,2,15.16,Blue,bot,Diable,BNK FEARX,Kai'Sa,2151,0,7,5,5,17,27,1,0,0,0,0,0,0,0,0.4742,1.2273
LOLTMNT03_288421,2025,Rounds 3-5,0,2025-08-24T07:06:53Z,2,15.16,Blue,sup,Kellin,BNK FEARX,Neeko,2151,0,0,6,12,17,27,0,0,0,0,0,0,0,0,0.4742,1.2273
LOLTMNT03_291596,2025,Rounds 3-5,0,2025-08-27T11:21:15Z,1,15.16,Red,top,Clear,BNK FEARX,Renekton,2033,1,2,1,11,21,11,0,0,0,0,0,0,0,0,0.6198,0.9444
LOLTMNT03_291596,2025,Rounds 3-5,0,2025-08-27T11:21:15Z,1,15.16,Red,jng,Raptor,BNK FEARX,Xin Zhao,2033,1,5,2,13,21,11,1,0,0,0,0,0,0,0,0.6198,0.9444
LOLTMNT03_291596,2025,Rounds 3-5,0,2025-08-27T11:21:15Z,1,15.16,Red,mid,VicLa,BNK FEARX,Annie,2033,1,6,3,12,21,11,1,1,0,0,0,0,0,0,0.6198,0.9444
LOLTMNT03_291596,2025,Rounds 3-5,0,2025-08-27T11:21:15Z,1,15.16,Red,bot,Diable,BNK FEARX,Yunara,2033,1,7,4,11,21,11,2,1,0,0,0,0,0,1,0.6198,0.9444
LOLTMNT03_291596,2025,Rounds 3-5,0,2025-08-27T11:21:15Z,1,15.16,Red,sup,Kellin,BNK FEARX,Lulu,2033,1,1,1,19,21,11,0,0,0,0,0,0,0,0,0.6198,0.9444
LOLTMNT03_291623,2025,Rounds 3-5,0,2025-08-27T12:19:22Z,2,15.16,Red,top,Clear,BNK FEARX,Sion,1821,1,5,3,16,25,19,0,0,0,0,0,0,0,0,0.8237,1.4498
LOLTMNT03_291623,2025,Rounds 3-5,0,2025-08-27T12:19:22Z,2,15.16,Red,jng,Raptor,BNK FEARX,Jarvan IV,1821,1,5,6,17,25,19,1,0,0,0,0,0,0,0,0.8237,1.4498
LOLTMNT03_291623,2025,Rounds 3-5,0,2025-08-27T12:19:22Z,2,15.16,Red,mid,VicLa,BNK FEARX,Ryze,1821,1,2,5,14,25,19,0,0,0,0,0,0,0,1,0.8237,1.4498
LOLTMNT03_291623,2025,Rounds 3-5,0,2025-08-27T12:19:22Z,2,15.16,Red,bot,Diable,BNK FEARX,Sivir,1821,1,11,2,9,25,19,4,1,0,0,0,0,0,0,0.8237,1.4498
LOLTMNT03_291623,2025,Rounds 3-5,0,2025-08-27T12:19:22Z,2,15.16,Red,sup,Kellin,BNK FEARX,Rakan,1821,1,2,3,18,25,19,0,0,0,0,0,0,0,0,0.8237,1.4498
LOLTMNT03_293371,2025,Rounds 3-5,0,2025-08-29T08:07:17Z,1,15.16,Blue,top,Clear,BNK FEARX,Rumble,1922,0,0,4,6,11,17,0,0,0,0,0,0,0,0,0.3434,0.8741
LOLTMNT03_293371,2025,Rounds 3-5,0,2025-08-29T08:07:17Z,1,15.16,Blue,jng,Raptor,BNK FEARX,Wukong,1922,0,10,4,1,11,17,1,1,0,0,1,1,0,0,0.3434,0.8741
LOLTMNT03_293371,2025,Rounds 3-5,0,2025-08-29T08:07:17Z,1,15.16,Blue,mid,VicLa,BNK FEARX,Ryze,1922,0,1,3,6,11,17,0,0,0,0,0,0,0,0,0.3434,0.8741
LOLTMNT03_293371,2025,Rounds 3-5,0,2025-08-29T08:07:17Z,1,15.16,Blue,bot,Diable,BNK FEARX,Sivir,1922,0,0,1,7,11,17,0,0,0,0,0,0,0,0,0.3434,0.8741
LOLTMNT03_293371,2025,Rounds 3-5,0,2025-08-29T08:07:17Z,1,15.16,Blue,sup,Kellin,BNK FEARX,Neeko,1922,0,0,5,8,11,17,0,0,0,0,0,0,0,0,0.3434,0.8741
LOLTMNT03_293376,2025,Rounds 3-5,0,2025-08-29T09:02:15Z,2,15.16,Blue,top,Clear,BNK FEARX,Jax,1696,1,2,2,7,20,10,0,0,0,0,0,0,0,0,0.7075,1.0613
LOLTMNT03_293376,2025,Rounds 3-5,0,2025-08-29T09:02:15Z,2,15.16,Blue,jng,Raptor,BNK FEARX,Pantheon,1696,1,4,2,11,20,10,0,0,0,0,0,0,0,0,0.7075,1.0613
LOLTMNT03_293376,2025,Rounds 3-5,0,2025-08-29T09:02:15Z,2,15.16,Blue,mid,VicLa,BNK FEARX,Akali,1696,1,9,0,7,20,10,2,0,0,0,0,0,0,0,0.7075,1.0613
LOLTMNT03_293376,2025,Rounds 3-5,0,2025-08-29T09:02:15Z,2,15.16,Blue,bot,Diable,BNK FEARX,Xayah,1696,1,5,1,11,20,10,0,0,0,0,1,1,0,0,0.7075,1.0613
LOLTMNT03_293376,2025,Rounds 3-5,0,2025-08-29T09:02:15Z,2,15.16,Blue,sup,Kellin,BNK FEARX,Rakan,1696,1,0,5,19,20,10,0,0,0,0,1,0,1,0,0.7075,1.0613
LOLTMNT03_294392,2025,Rounds 3-5,0,2025-08-29T09:52:59Z,3,15.16,Red,top,Clear,BNK FEARX,Sion,1919,1,4,2,15,24,15,1,0,0,0,0,0,0,0,0.7504,1.2194
LOLTMNT03_294392,2025,Rounds 3-5,0,2025-08-29T09:52:59Z,3,15.16,Red,jng,Raptor,BNK FEARX,Sylas,1919,1,2,3,20,24,15,0,0,0,0,1,0,1,0,0.7504,1.2194
LOLTMNT03_294392,2025,Rounds 3-5,0,2025-08-29T09:52:59Z,3,15.16,Red,mid,VicLa,BNK FEARX,Yone,1919,1,4,2,13,24,15,0,0,0,0,1,0,1,0,0.7504,1.2194
LOLTMNT03_294392,2025,Rounds 3-5,0,2025-08-29T09:52:59Z,3,15.16,Red,bot,Diable,BNK FEARX,Kalista,1919,1,14,4,3,24,15,3,2,1,0,1,1,0,0,0.7504,1.2194
LOLTMNT03_294392,2025,Rounds 3-5,0,2025-08-29T09:52:59Z,3,15.16,Red,sup,Kellin,BNK FEARX,Renata Glasc,1919,1,0,4,17,24,15,0,0,0,0,1,0,1,0,0.7504,1.2194
LOLTMNT01_281588,2025,Rounds 3-5,1,2025-09-04T08:08:41Z,1,15.17,Red,top,Clear,BNK FEARX,Ambessa,1827,0,3,2,2,12,22,0,0,0,0,0,0,0,0,0.3941,1.1166
LOLTMNT01_281588,2025,Rounds 3-5,1,2025-09-04T08:08:41Z,1,15.17,Red,jng,Raptor,BNK FEARX,Xin Zhao,1827,0,2,5,7,12,22,0,0,0,0,0,0,0,0,0.3941,1.1166
LOLTMNT01_281588,2025,Rounds 3-5,1,2025-09-04T08:08:41Z,1,15.17,Red,mid,VicLa,BNK FEARX,Taliyah,1827,0,2,2,5,12,22,0,0,0,0,0,0,0,0,0.3941,1.1166
LOLTMNT01_281588,2025,Rounds 3-5,1,2025-09-04T08:08:41Z,1,15.17,Red,bot,Diable,BNK FEARX,Sivir,1827,0,3,5,4,12,22,0,0,0,0,0,0,0,0,0.3941,1.1166
LOLTMNT01_281588,2025,Rounds 3-5,1,2025-09-04T08:08:41Z,1,15.17,Red,sup,Kellin,BNK FEARX,Alistar,1827,0,2,8,6,12,22,0,0,0,0,0,0,0,1,0.3941,1.1166
LOLTMNT01_280941,2025,Rounds 3-5,1,2025-09-04T09:01:36Z,2,15.17,Blue,top,Clear,BNK FEARX,Aatrox,1684,1,7,1,9,24,4,1,0,0,0,0,0,0,1,0.8551,0.9976
LOLTMNT01_280941,2025,Rounds 3-5,1,2025-09-04T09:01:36Z,2,15.17,Blue,jng,Raptor,BNK FEARX,Pantheon,1684,1,6,1,10,24,4,0,0,0,0,0,0,0,0,0.8551,0.9976
LOLTMNT01_280941,2025,Rounds 3-5,1,2025-09-04T09:01:36Z,2,15.17,Blue,mid,VicLa,BNK FEARX,Morgana,1684,1,1,1,19,24,4,0,0,0,0,0,0,0,0,0.8551,0.9976
LOLTMNT01_280941,2025,Rounds 3-5,1,2025-09-04T09:01:36Z,2,15.17,Blue,bot,Diable,BNK FEARX,Kai'Sa,1684,1,8,1,11,24,4,1,1,1,0,0,0,0,0,0.8551,0.9976
LOLTMNT01_280941,2025,Rounds 3-5,1,2025-09-04T09:01:36Z,2,15.17,Blue,sup,Kellin,BNK FEARX,Neeko,1684,1,2,0,17,24,4,0,0,0,0,0,0,0,0,0.8551,0.9976
LOLTMNT01_281603,2025,Rounds 3-5,1,2025-09-04T09:51:19Z,3,15.17,Red,top,Clear,BNK FEARX,Sion,1643,1,2,1,20,29,3,0,0,0,0,0,0,0,0,1.059,1.1686
LOLTMNT01_281603,2025,Rounds 3-5,1,2025-09-04T09:51:19Z,3,15.17,Red,jng,Raptor,BNK FEARX,Naafiri,1643,1,11,1,13,29,3,3,2,0,0,1,1,0,0,1.059,1.1686
LOLTMNT01_281603,2025,Rounds 3-5,1,2025-09-04T09:51:19Z,3,15.17,Red,mid,VicLa,BNK FEARX,Ryze,1643,1,4,0,11,29,3,1,0,0,0,0,0,0,0,1.059,1.1686
LOLTMNT01_281603,2025,Rounds 3-5,1,2025-09-04T09:51:19Z,3,15.17,Red,bot,Diable,BNK FEARX,Lucian,1643,1,11,1,15,29,3,3,1,0,0,1,0,1,0,1.059,1.1686
LOLTMNT01_281603,2025,Rounds 3-5,1,2025-09-04T09:51:19Z,3,15.17,Red,sup,Kellin,BNK FEARX,Braum,1643,1,1,0,28,29,3,0,0,0,0,1,0,1,0,1.059,1.1686
LOLTMNT01_280961,2025,Rounds 3-5,1,2025-09-04T10:42:24Z,4,15.17,Red,top,Clear,BNK FEARX,Rumble,2281,0,5,5,6,13,18,0,0,0,0,0,0,0,0,0.342,0.8154
LOLTMNT01_280961,2025,Rounds 3-5,1,2025-09-04T10:42:24Z,4,15.17,Red,jng,Raptor,BNK FEARX,Wukong,2281,0,2,4,9,13,18,0,0,0,0,0,0,0,1,0.342,0.8154
LOLTMNT01_280961,2025,Rounds 3-5,1,2025-09-04T10:42:24Z,4,15.17,Red,mid,VicLa,BNK FEARX,Galio,2281,0,2,3,8,13,18,0,0,0,0,0,0,0,0,0.342,0.8154
LOLTMNT01_280961,2025,Rounds 3-5,1,2025-09-04T10:42:24Z,4,15.17,Red,bot,Diable,BNK FEARX,Vayne,2281,0,4,1,4,13,18,0,0,0,0,0,0,0,0,0.342,0.8154
LOLTMNT01_280961,2025,Rounds 3-5,1,2025-09-04T10:42:24Z,4,15.17,Red,sup,Kellin,BNK FEARX,Rakan,2281,0,0,5,10,13,18,0,0,0,0,0,0,0,0,0.342,0.8154
LOLTMNT01_281636,2025,Rounds 3-5,1,2025-09-04T11:44:52Z,5,15.17,Blue,top,Clear,BNK FEARX,Jayce,1857,1,3,2,12,18,10,0,0,0,0,0,0,0,0,0.5816,0.9047
LOLTMNT01_281636,2025,Rounds 3-5,1,2025-09-04T11:44:52Z,5,15.17,Blue,jng,Raptor,BNK FEARX,Skarner,1857,1,6,1,8,18,10,1,0,0,0,0,0,0,0,0.5816,0.9047
LOLTMNT01_281636,2025,Rounds 3-5,1,2025-09-04T11:44:52Z,5,15.17,Blue,mid,VicLa,BNK FEARX,Twisted Fate,1857,1,1,3,11,18,10,0,0,0,0,0,0,0,1,0.5816,0.9047
LOLTMNT01_281636,2025,Rounds 3-5,1,2025-09-04T11:44:52Z,5,15.17,Blue,bot,Diable,BNK FEARX,Ezreal,1857,1,8,1,5,18,10,2,2,0,0,0,0,0,0,0.5816,0.9047
LOLTMNT01_281636,2025,Rounds 3-5,1,2025-09-04T11:44:52Z,5,15.17,Blue,sup,Kellin,BNK FEARX,Leona,1857,1,0,3,13,18,10,0,0,0,0,0,0,0,0,0.5816,0.9047
LOLTMNT01_281893,2025,Rounds 3-5,1,2025-09-05T08:07:35Z,1,15.17,Red,top,Clear,BNK FEARX,Rumble,1732,1,4,3,12,23,10,0,0,0,0,0,0,0,0,0.7968,1.1432
LOLTMNT01_281893,2025,Rounds 3-5,1,2025-09-05T08:07:35Z,1,15.17,Red,jng,Raptor,BNK FEARX,Wukong,1732,1,4,2,11,23,10,0,0,0,0,0,0,0,0,0.7968,1.1432
LOLTMNT01_281893,2025,Rounds 3-5,1,2025-09-05T08:07:35Z,1,15.17,Red,mid,VicLa,BNK FEARX,Annie,1732,1,2,4,6,23,10,0,0,0,0,0,0,0,1,0.7968,1.1432
LOLTMNT01_281893,2025,Rounds 3-5,1,2025-09-05T08:07:35Z,1,15.17,Red,bot,Diable,BNK FEARX,Corki,1732,1,13,0,3,23,10,3,1,0,0,0,0,0,0,0.7968,1.1432
LOLTMNT01_281893,2025,Rounds 3-5,1,2025-09-05T08:07:35Z,1,15.17,Red,sup,Kellin,BNK FEARX,Rakan,1732,1,0,1,18,23,10,0,0,0,0,0,0,0,0,0.7968,1.1432
LOLTMNT01_281906,2025,Rounds 3-5,1,2025-09-05T08:58:24Z,2,15.17,Red,top,Clear,BNK FEARX,Ambessa,1710,1,3,1,5,15,5,0,0,0,0,0,0,0,0,0.5263,0.7018
LOLTMNT01_281906,2025,Rounds 3-5,1,2025-09-05T08:58:24Z,2,15.17,Red,jng,Raptor,BNK FEARX,Xin Zhao,1710,1,4,1,6,15,5,0,0,0,0,1,1,0,0,0.5263,0.7018
LOLTMNT01_281906,2025,Rounds 3-5,1,2025-09-05T08:58:24Z,2,15.17,Red,mid,VicLa,BNK FEARX,Taliyah,1710,1,2,1,7,15,5,0,0,0,0,1,0,1,0,0.5263,0.7018
LOLTMNT01_281906,2025,Rounds 3-5,1,2025-09-05T08:58:24Z,2,15.17,Red,bot,Diable,BNK FEARX,Zeri,1710,1,5,1,6,15,5,0,0,0,0,0,0,0,0,0.5263,0.7018
LOLTMNT01_281906,2025,Rounds 3-5,1,2025-09-05T08:58:24Z,2,15.17,Red,sup,Kellin,BNK FEARX,Rell,1710,1,1,1,13,15,5,0,0,0,0,0,0,0,0,0.5263,0.7018
LOLTMNT01_282298,2025,Rounds 3-5,1,2025-09-05T09:49:14Z,3,15.17,Red,top,Clear,BNK FEARX,Gwen,1993,0,3,4,6,22,23,1,0,0,0,0,0,0,0,0.6623,1.3547
LOLTMNT01_282298,2025,Rounds 3-5,1,2025-09-05T09:49:14Z,3,15.17,Red,jng,Raptor,BNK FEARX,Naafiri,1993,0,7,5,12,22,23,0,0,0,0,1,1,0,0,0.6623,1.3547
LOLTMNT01_282298,2025,Rounds 3-5,1,2025-09-05T09:49:14Z,3,15.17,Red,mid,VicLa,BNK FEARX,Aurora,1993,0,2,3,8,22,23,0,0,0,0,0,0,0,0,0.6623,1.3547
LOLTMNT01_282298,2025,Rounds 3-5,1,2025-09-05T09:49:14Z,3,15.17,Red,bot,Diable,BNK FEARX,Lucian,1993,0,9,5,6,22,23,1,0,0,0,1,0,1,0,0.6623,1.3547
LOLTMNT01_282298,2025,Rounds 3-5,1,2025-09-05T09:49:14Z,3,15.17,Red,sup,Kellin,BNK FEARX,Braum,1993,0,1,6,15,22,23,0,0,0,0,1,0,1,0,0.6623,1.3547
LOLTMNT01_281961,2025,Rounds 3-5,1,2025-09-05T10:44:14Z,4,15.17,Blue,top,Clear,BNK FEARX,Sion,1694,1,3,2,6,20,8,0,0,0,0,0,0,0,0,0.7084,0.9563
LOLTMNT01_281961,2025,Rounds 3-5,1,2025-09-05T10:44:14Z,4,15.17,Blue,jng,Raptor,BNK FEARX,Lee Sin,1694,1,9,1,6,20,8,1,0,0,0,1,1,0,0,0.7084,0.9563
LOLTMNT01_281961,2025,Rounds 3-5,1,2025-09-05T10:44:14Z,4,15.17,Blue,mid,VicLa,BNK FEARX,Twisted Fate,1694,1,3,2,12,20,8,0,0,0,0,1,0,1,0,0.7084,0.9563
LOLTMNT01_281961,2025,Rounds 3-5,1,2025-09-05T10:44:14Z,4,15.17,Blue,bot,Diable,BNK FEARX,Ezreal,1694,1,5,0,8,20,8,0,0,0,0,0,0,0,0,0.7084,0.9563
LOLTMNT01_281961,2025,Rounds 3-5,1,2025-09-05T10:44:14Z,4,15.17,Blue,sup,Kellin,BNK FEARX,Leona,1694,1,0,3,14,20,8,0,0,0,0,0,0,0,0,0.7084,0.9563
